workload_full,configuration,internal_metrics,workload_features,query_plans,query_plan_count,performance_cost,default_config_performance
job_0,"{'shared_buffers': 131072, 'work_mem': 65536, 'maintenance_work_mem': 262144, 'effective_cache_size': 3145728, 'max_connections': 200, 'wal_buffers': 2048, 'checkpoint_completion_target': 0.9, 'checkpoint_timeout': 900, 'effective_io_concurrency': 100, 'join_collapse_limit': 8, 'from_collapse_limit': 8, 'bgwriter_delay': 200, 'bgwriter_lru_multiplier': 2.0, 'default_statistics_target': 100, 'max_parallel_workers_per_gather': 2}","{'xact_commit': 38.0, 'xact_rollback': 0.0, 'blks_read': 929629.0, 'blks_hit': 41813.0, 'tup_returned': 113866630.0, 'tup_fetched': 200239.0, 'tup_inserted': 0.0, 'conflicts': 0.0, 'tup_updated': 0.0, 'tup_deleted': 0.0, 'disk_read_count': 951242.0, 'disk_write_count': 0.0, 'disk_read_bytes': 7792574464.0, 'disk_write_bytes': 0.0}","{
  ""size"": 10,
  ""read_ratio"": 0.9,
  ""group_by_ratio"": 0.9,
  ""order_by_ratio"": 0.9,
  ""avg_query_length"": 502.0,
  ""avg_joins"": 2.1,
  ""filter_ratio"": 0.8
}","[
    ""Sort(cost=493864.3)(Aggregate(cost=490146.2)(Gather(cost=482131.0)(Aggregate(cost=397493.4)(Hash Join(cost=378982.9)(Seq Scan(cost=313133.2); Hash(cost=45515.2)(Seq Scan(cost=45515.2)))))))"",
    ""Sort(cost=104997.7)(Aggregate(cost=101431.3)(Gather(cost=96735.4)(Aggregate(cost=55484.4)(Hash Join(cost=46846.0)(Seq Scan(cost=39047.3); Hash(cost=2290.7)(Seq Scan(cost=2290.7)))))))"",
    ""Sort(cost=2272521.0)(Aggregate(cost=2217635.8)(Gather Merge(cost=2121004.7)(Aggregate(cost=894518.6)(Sort(cost=860803.2)(Hash Join(cost=416220.2)(Seq Scan(cost=328235.0); Hash(cost=66083.3)(Seq Scan(cost=66083.3))))))))"",
    ""Sort(cost=35851.1)(Aggregate(cost=35797.7)(Gather Merge(cost=35725.1)(Aggregate(cost=34431.2)(Sort(cost=34405.7)(Nested Loop(cost=34336.9)(Bitmap Heap Scan(cost=18484.6)(Bitmap Index Scan(cost=100.9)); Index Scan(cost=7.0)))))))"",
    ""Gather(cost=15932.2)(Hash Join(cost=14498.3)(Nested Loop(cost=14493.4)(Merge Join(cost=7288.1)(Index Scan(cost=85896.2); Sort(cost=925.5)(Bitmap Heap Scan(cost=412.5)(Bitmap Index Scan(cost=142.3)))); Index Scan(cost=6.6)); Hash(cost=1.2)(Seq Scan(cost=1.2))))"",
    ""Sort(cost=134603.1)(Aggregate(cost=130885.1)(Gather(cost=126006.2)(Aggregate(cost=83187.4)(Hash Join(cost=79408.6)(Seq Scan(cost=27206.5); Hash(cost=45515.2)(Seq Scan(cost=45515.2)))))))"",
    ""Sort(cost=149815.5)(Aggregate(cost=146097.5)(Gather(cost=141218.6)(Aggregate(cost=98399.8)(Hash Join(cost=92870.8)(Seq Scan(cost=39047.3); Hash(cost=45515.2)(Seq Scan(cost=45515.2)))))))"",
    ""Sort(cost=25.8)(Aggregate(cost=25.8)(Sort(cost=25.8)(Nested Loop(cost=25.8)(Index Scan(cost=17.3); Index Scan(cost=8.4)))))""
  ]",8,0.521696314,0.516479351
job_0,"{'shared_buffers': 568513.0, 'work_mem': 55023.0, 'maintenance_work_mem': 1205460.0, 'effective_cache_size': 363298.0, 'max_connections': 116.0, 'wal_buffers': 529.0, 'checkpoint_completion_target': 0.8301750421524048, 'checkpoint_timeout': 1346.0, 'effective_io_concurrency': 50.0, 'join_collapse_limit': 17.0, 'from_collapse_limit': 17.0, 'bgwriter_delay': 448.0, 'bgwriter_lru_multiplier': 0.013506412506103516, 'default_statistics_target': 497.0, 'max_parallel_workers_per_gather': 7.0}","{'xact_commit': 38.0, 'xact_rollback': 0.0, 'blks_read': 929629.0, 'blks_hit': 41813.0, 'tup_returned': 113866630.0, 'tup_fetched': 200239.0, 'tup_inserted': 0.0, 'conflicts': 0.0, 'tup_updated': 0.0, 'tup_deleted': 0.0, 'disk_read_count': 951242.0, 'disk_write_count': 0.0, 'disk_read_bytes': 7792574464.0, 'disk_write_bytes': 0.0}","{
  ""size"": 10,
  ""read_ratio"": 0.9,
  ""group_by_ratio"": 0.9,
  ""order_by_ratio"": 0.9,
  ""avg_query_length"": 502.0,
  ""avg_joins"": 2.1,
  ""filter_ratio"": 0.8
}","[
    ""Sort(cost=493864.3)(Aggregate(cost=490146.2)(Gather(cost=482131.0)(Aggregate(cost=397493.4)(Hash Join(cost=378982.9)(Seq Scan(cost=313133.2); Hash(cost=45515.2)(Seq Scan(cost=45515.2)))))))"",
    ""Sort(cost=104997.7)(Aggregate(cost=101431.3)(Gather(cost=96735.4)(Aggregate(cost=55484.4)(Hash Join(cost=46846.0)(Seq Scan(cost=39047.3); Hash(cost=2290.7)(Seq Scan(cost=2290.7)))))))"",
    ""Sort(cost=2272521.0)(Aggregate(cost=2217635.8)(Gather Merge(cost=2121004.7)(Aggregate(cost=894518.6)(Sort(cost=860803.2)(Hash Join(cost=416220.2)(Seq Scan(cost=328235.0); Hash(cost=66083.3)(Seq Scan(cost=66083.3))))))))"",
    ""Sort(cost=35851.1)(Aggregate(cost=35797.7)(Gather Merge(cost=35725.1)(Aggregate(cost=34431.2)(Sort(cost=34405.7)(Nested Loop(cost=34336.9)(Bitmap Heap Scan(cost=18484.6)(Bitmap Index Scan(cost=100.9)); Index Scan(cost=7.0)))))))"",
    ""Gather(cost=15932.2)(Hash Join(cost=14498.3)(Nested Loop(cost=14493.4)(Merge Join(cost=7288.1)(Index Scan(cost=85896.2); Sort(cost=925.5)(Bitmap Heap Scan(cost=412.5)(Bitmap Index Scan(cost=142.3)))); Index Scan(cost=6.6)); Hash(cost=1.2)(Seq Scan(cost=1.2))))"",
    ""Sort(cost=134603.1)(Aggregate(cost=130885.1)(Gather(cost=126006.2)(Aggregate(cost=83187.4)(Hash Join(cost=79408.6)(Seq Scan(cost=27206.5); Hash(cost=45515.2)(Seq Scan(cost=45515.2)))))))"",
    ""Sort(cost=149815.5)(Aggregate(cost=146097.5)(Gather(cost=141218.6)(Aggregate(cost=98399.8)(Hash Join(cost=92870.8)(Seq Scan(cost=39047.3); Hash(cost=45515.2)(Seq Scan(cost=45515.2)))))))"",
    ""Sort(cost=25.8)(Aggregate(cost=25.8)(Sort(cost=25.8)(Nested Loop(cost=25.8)(Index Scan(cost=17.3); Index Scan(cost=8.4)))))""
  ]",8,0.209548886,0.207453397
job_0,"{'shared_buffers': 1393434.0, 'work_mem': 227880.0, 'maintenance_work_mem': 930768.0, 'effective_cache_size': 2785250.0, 'max_connections': 455.0, 'wal_buffers': 5912.0, 'checkpoint_completion_target': 0.6241966485977173, 'checkpoint_timeout': 525.0, 'effective_io_concurrency': 235.0, 'join_collapse_limit': 9.0, 'from_collapse_limit': 12.0, 'bgwriter_delay': 966.0, 'bgwriter_lru_multiplier': 6.483102798461914, 'default_statistics_target': 23.0, 'max_parallel_workers_per_gather': 1.0}","{'xact_commit': 38.0, 'xact_rollback': 0.0, 'blks_read': 929629.0, 'blks_hit': 41813.0, 'tup_returned': 113866630.0, 'tup_fetched': 200239.0, 'tup_inserted': 0.0, 'conflicts': 0.0, 'tup_updated': 0.0, 'tup_deleted': 0.0, 'disk_read_count': 951242.0, 'disk_write_count': 0.0, 'disk_read_bytes': 7792574464.0, 'disk_write_bytes': 0.0}","{
  ""size"": 10,
  ""read_ratio"": 0.9,
  ""group_by_ratio"": 0.9,
  ""order_by_ratio"": 0.9,
  ""avg_query_length"": 502.0,
  ""avg_joins"": 2.1,
  ""filter_ratio"": 0.8
}","[
    ""Sort(cost=493864.3)(Aggregate(cost=490146.2)(Gather(cost=482131.0)(Aggregate(cost=397493.4)(Hash Join(cost=378982.9)(Seq Scan(cost=313133.2); Hash(cost=45515.2)(Seq Scan(cost=45515.2)))))))"",
    ""Sort(cost=104997.7)(Aggregate(cost=101431.3)(Gather(cost=96735.4)(Aggregate(cost=55484.4)(Hash Join(cost=46846.0)(Seq Scan(cost=39047.3); Hash(cost=2290.7)(Seq Scan(cost=2290.7)))))))"",
    ""Sort(cost=2272521.0)(Aggregate(cost=2217635.8)(Gather Merge(cost=2121004.7)(Aggregate(cost=894518.6)(Sort(cost=860803.2)(Hash Join(cost=416220.2)(Seq Scan(cost=328235.0); Hash(cost=66083.3)(Seq Scan(cost=66083.3))))))))"",
    ""Sort(cost=35851.1)(Aggregate(cost=35797.7)(Gather Merge(cost=35725.1)(Aggregate(cost=34431.2)(Sort(cost=34405.7)(Nested Loop(cost=34336.9)(Bitmap Heap Scan(cost=18484.6)(Bitmap Index Scan(cost=100.9)); Index Scan(cost=7.0)))))))"",
    ""Gather(cost=15932.2)(Hash Join(cost=14498.3)(Nested Loop(cost=14493.4)(Merge Join(cost=7288.1)(Index Scan(cost=85896.2); Sort(cost=925.5)(Bitmap Heap Scan(cost=412.5)(Bitmap Index Scan(cost=142.3)))); Index Scan(cost=6.6)); Hash(cost=1.2)(Seq Scan(cost=1.2))))"",
    ""Sort(cost=134603.1)(Aggregate(cost=130885.1)(Gather(cost=126006.2)(Aggregate(cost=83187.4)(Hash Join(cost=79408.6)(Seq Scan(cost=27206.5); Hash(cost=45515.2)(Seq Scan(cost=45515.2)))))))"",
    ""Sort(cost=149815.5)(Aggregate(cost=146097.5)(Gather(cost=141218.6)(Aggregate(cost=98399.8)(Hash Join(cost=92870.8)(Seq Scan(cost=39047.3); Hash(cost=45515.2)(Seq Scan(cost=45515.2)))))))"",
    ""Sort(cost=25.8)(Aggregate(cost=25.8)(Sort(cost=25.8)(Nested Loop(cost=25.8)(Index Scan(cost=17.3); Index Scan(cost=8.4)))))""
  ]",8,0.365705074,0.362048023
job_0,"{'shared_buffers': 990766.0, 'work_mem': 83328.0, 'maintenance_work_mem': 1610877.0, 'effective_cache_size': 1966192.0, 'max_connections': 386.0, 'wal_buffers': 7069.0, 'checkpoint_completion_target': 0.7160550355911255, 'checkpoint_timeout': 716.0, 'effective_io_concurrency': 191.0, 'join_collapse_limit': 13.0, 'from_collapse_limit': 9.0, 'bgwriter_delay': 572.0, 'bgwriter_lru_multiplier': 4.01693058013916, 'default_statistics_target': 321.0, 'max_parallel_workers_per_gather': 4.0}","{'xact_commit': 38.0, 'xact_rollback': 0.0, 'blks_read': 929629.0, 'blks_hit': 41813.0, 'tup_returned': 113866630.0, 'tup_fetched': 200239.0, 'tup_inserted': 0.0, 'conflicts': 0.0, 'tup_updated': 0.0, 'tup_deleted': 0.0, 'disk_read_count': 951242.0, 'disk_write_count': 0.0, 'disk_read_bytes': 7792574464.0, 'disk_write_bytes': 0.0}","{
  ""size"": 10,
  ""read_ratio"": 0.9,
  ""group_by_ratio"": 0.9,
  ""order_by_ratio"": 0.9,
  ""avg_query_length"": 502.0,
  ""avg_joins"": 2.1,
  ""filter_ratio"": 0.8
}","[
    ""Sort(cost=493864.3)(Aggregate(cost=490146.2)(Gather(cost=482131.0)(Aggregate(cost=397493.4)(Hash Join(cost=378982.9)(Seq Scan(cost=313133.2); Hash(cost=45515.2)(Seq Scan(cost=45515.2)))))))"",
    ""Sort(cost=104997.7)(Aggregate(cost=101431.3)(Gather(cost=96735.4)(Aggregate(cost=55484.4)(Hash Join(cost=46846.0)(Seq Scan(cost=39047.3); Hash(cost=2290.7)(Seq Scan(cost=2290.7)))))))"",
    ""Sort(cost=2272521.0)(Aggregate(cost=2217635.8)(Gather Merge(cost=2121004.7)(Aggregate(cost=894518.6)(Sort(cost=860803.2)(Hash Join(cost=416220.2)(Seq Scan(cost=328235.0); Hash(cost=66083.3)(Seq Scan(cost=66083.3))))))))"",
    ""Sort(cost=35851.1)(Aggregate(cost=35797.7)(Gather Merge(cost=35725.1)(Aggregate(cost=34431.2)(Sort(cost=34405.7)(Nested Loop(cost=34336.9)(Bitmap Heap Scan(cost=18484.6)(Bitmap Index Scan(cost=100.9)); Index Scan(cost=7.0)))))))"",
    ""Gather(cost=15932.2)(Hash Join(cost=14498.3)(Nested Loop(cost=14493.4)(Merge Join(cost=7288.1)(Index Scan(cost=85896.2); Sort(cost=925.5)(Bitmap Heap Scan(cost=412.5)(Bitmap Index Scan(cost=142.3)))); Index Scan(cost=6.6)); Hash(cost=1.2)(Seq Scan(cost=1.2))))"",
    ""Sort(cost=134603.1)(Aggregate(cost=130885.1)(Gather(cost=126006.2)(Aggregate(cost=83187.4)(Hash Join(cost=79408.6)(Seq Scan(cost=27206.5); Hash(cost=45515.2)(Seq Scan(cost=45515.2)))))))"",
    ""Sort(cost=149815.5)(Aggregate(cost=146097.5)(Gather(cost=141218.6)(Aggregate(cost=98399.8)(Hash Join(cost=92870.8)(Seq Scan(cost=39047.3); Hash(cost=45515.2)(Seq Scan(cost=45515.2)))))))"",
    ""Sort(cost=25.8)(Aggregate(cost=25.8)(Sort(cost=25.8)(Nested Loop(cost=25.8)(Index Scan(cost=17.3); Index Scan(cost=8.4)))))""
  ]",8,0.222077391,0.219856617
job_0,"{'shared_buffers': 168004.0, 'work_mem': 187064.0, 'maintenance_work_mem': 320378.0, 'effective_cache_size': 3085224.0, 'max_connections': 268.0, 'wal_buffers': 3401.0, 'checkpoint_completion_target': 0.5350950360298157, 'checkpoint_timeout': 1531.0, 'effective_io_concurrency': 94.0, 'join_collapse_limit': 16.0, 'from_collapse_limit': 15.0, 'bgwriter_delay': 100.0, 'bgwriter_lru_multiplier': 7.635874271392822, 'default_statistics_target': 183.0, 'max_parallel_workers_per_gather': 4.0}","{'xact_commit': 38.0, 'xact_rollback': 0.0, 'blks_read': 929629.0, 'blks_hit': 41813.0, 'tup_returned': 113866630.0, 'tup_fetched': 200239.0, 'tup_inserted': 0.0, 'conflicts': 0.0, 'tup_updated': 0.0, 'tup_deleted': 0.0, 'disk_read_count': 951242.0, 'disk_write_count': 0.0, 'disk_read_bytes': 7792574464.0, 'disk_write_bytes': 0.0}","{
  ""size"": 10,
  ""read_ratio"": 0.9,
  ""group_by_ratio"": 0.9,
  ""order_by_ratio"": 0.9,
  ""avg_query_length"": 502.0,
  ""avg_joins"": 2.1,
  ""filter_ratio"": 0.8
}","[
    ""Sort(cost=493864.3)(Aggregate(cost=490146.2)(Gather(cost=482131.0)(Aggregate(cost=397493.4)(Hash Join(cost=378982.9)(Seq Scan(cost=313133.2); Hash(cost=45515.2)(Seq Scan(cost=45515.2)))))))"",
    ""Sort(cost=104997.7)(Aggregate(cost=101431.3)(Gather(cost=96735.4)(Aggregate(cost=55484.4)(Hash Join(cost=46846.0)(Seq Scan(cost=39047.3); Hash(cost=2290.7)(Seq Scan(cost=2290.7)))))))"",
    ""Sort(cost=2272521.0)(Aggregate(cost=2217635.8)(Gather Merge(cost=2121004.7)(Aggregate(cost=894518.6)(Sort(cost=860803.2)(Hash Join(cost=416220.2)(Seq Scan(cost=328235.0); Hash(cost=66083.3)(Seq Scan(cost=66083.3))))))))"",
    ""Sort(cost=35851.1)(Aggregate(cost=35797.7)(Gather Merge(cost=35725.1)(Aggregate(cost=34431.2)(Sort(cost=34405.7)(Nested Loop(cost=34336.9)(Bitmap Heap Scan(cost=18484.6)(Bitmap Index Scan(cost=100.9)); Index Scan(cost=7.0)))))))"",
    ""Gather(cost=15932.2)(Hash Join(cost=14498.3)(Nested Loop(cost=14493.4)(Merge Join(cost=7288.1)(Index Scan(cost=85896.2); Sort(cost=925.5)(Bitmap Heap Scan(cost=412.5)(Bitmap Index Scan(cost=142.3)))); Index Scan(cost=6.6)); Hash(cost=1.2)(Seq Scan(cost=1.2))))"",
    ""Sort(cost=134603.1)(Aggregate(cost=130885.1)(Gather(cost=126006.2)(Aggregate(cost=83187.4)(Hash Join(cost=79408.6)(Seq Scan(cost=27206.5); Hash(cost=45515.2)(Seq Scan(cost=45515.2)))))))"",
    ""Sort(cost=149815.5)(Aggregate(cost=146097.5)(Gather(cost=141218.6)(Aggregate(cost=98399.8)(Hash Join(cost=92870.8)(Seq Scan(cost=39047.3); Hash(cost=45515.2)(Seq Scan(cost=45515.2)))))))"",
    ""Sort(cost=25.8)(Aggregate(cost=25.8)(Sort(cost=25.8)(Nested Loop(cost=25.8)(Index Scan(cost=17.3); Index Scan(cost=8.4)))))""
  ]",8,0.371845893,0.368127434
job_0,"{'shared_buffers': 393304.0, 'work_mem': 136875.0, 'maintenance_work_mem': 620070.0, 'effective_cache_size': 3729965.0, 'max_connections': 172.0, 'wal_buffers': 1793.0, 'checkpoint_completion_target': 0.7996461391448975, 'checkpoint_timeout': 1031.0, 'effective_io_concurrency': 186.0, 'join_collapse_limit': 10.0, 'from_collapse_limit': 11.0, 'bgwriter_delay': 242.0, 'bgwriter_lru_multiplier': 2.960360050201416, 'default_statistics_target': 127.0, 'max_parallel_workers_per_gather': 5.0}","{'xact_commit': 38.0, 'xact_rollback': 0.0, 'blks_read': 929629.0, 'blks_hit': 41813.0, 'tup_returned': 113866630.0, 'tup_fetched': 200239.0, 'tup_inserted': 0.0, 'conflicts': 0.0, 'tup_updated': 0.0, 'tup_deleted': 0.0, 'disk_read_count': 951242.0, 'disk_write_count': 0.0, 'disk_read_bytes': 7792574464.0, 'disk_write_bytes': 0.0}","{
  ""size"": 10,
  ""read_ratio"": 0.9,
  ""group_by_ratio"": 0.9,
  ""order_by_ratio"": 0.9,
  ""avg_query_length"": 502.0,
  ""avg_joins"": 2.1,
  ""filter_ratio"": 0.8
}","[
    ""Sort(cost=493864.3)(Aggregate(cost=490146.2)(Gather(cost=482131.0)(Aggregate(cost=397493.4)(Hash Join(cost=378982.9)(Seq Scan(cost=313133.2); Hash(cost=45515.2)(Seq Scan(cost=45515.2)))))))"",
    ""Sort(cost=104997.7)(Aggregate(cost=101431.3)(Gather(cost=96735.4)(Aggregate(cost=55484.4)(Hash Join(cost=46846.0)(Seq Scan(cost=39047.3); Hash(cost=2290.7)(Seq Scan(cost=2290.7)))))))"",
    ""Sort(cost=2272521.0)(Aggregate(cost=2217635.8)(Gather Merge(cost=2121004.7)(Aggregate(cost=894518.6)(Sort(cost=860803.2)(Hash Join(cost=416220.2)(Seq Scan(cost=328235.0); Hash(cost=66083.3)(Seq Scan(cost=66083.3))))))))"",
    ""Sort(cost=35851.1)(Aggregate(cost=35797.7)(Gather Merge(cost=35725.1)(Aggregate(cost=34431.2)(Sort(cost=34405.7)(Nested Loop(cost=34336.9)(Bitmap Heap Scan(cost=18484.6)(Bitmap Index Scan(cost=100.9)); Index Scan(cost=7.0)))))))"",
    ""Gather(cost=15932.2)(Hash Join(cost=14498.3)(Nested Loop(cost=14493.4)(Merge Join(cost=7288.1)(Index Scan(cost=85896.2); Sort(cost=925.5)(Bitmap Heap Scan(cost=412.5)(Bitmap Index Scan(cost=142.3)))); Index Scan(cost=6.6)); Hash(cost=1.2)(Seq Scan(cost=1.2))))"",
    ""Sort(cost=134603.1)(Aggregate(cost=130885.1)(Gather(cost=126006.2)(Aggregate(cost=83187.4)(Hash Join(cost=79408.6)(Seq Scan(cost=27206.5); Hash(cost=45515.2)(Seq Scan(cost=45515.2)))))))"",
    ""Sort(cost=149815.5)(Aggregate(cost=146097.5)(Gather(cost=141218.6)(Aggregate(cost=98399.8)(Hash Join(cost=92870.8)(Seq Scan(cost=39047.3); Hash(cost=45515.2)(Seq Scan(cost=45515.2)))))))"",
    ""Sort(cost=25.8)(Aggregate(cost=25.8)(Sort(cost=25.8)(Nested Loop(cost=25.8)(Index Scan(cost=17.3); Index Scan(cost=8.4)))))""
  ]",8,0.319938497,0.316739112
job_0,"{'shared_buffers': 826849.0, 'work_mem': 148812.0, 'maintenance_work_mem': 1392995.0, 'effective_cache_size': 1304280.0, 'max_connections': 286.0, 'wal_buffers': 4694.0, 'checkpoint_completion_target': 0.5561860799789429, 'checkpoint_timeout': 1661.0, 'effective_io_concurrency': 136.0, 'join_collapse_limit': 19.0, 'from_collapse_limit': 16.0, 'bgwriter_delay': 743.0, 'bgwriter_lru_multiplier': 9.312463760375977, 'default_statistics_target': 389.0, 'max_parallel_workers_per_gather': 3.0}","{'xact_commit': 38.0, 'xact_rollback': 0.0, 'blks_read': 929629.0, 'blks_hit': 41813.0, 'tup_returned': 113866630.0, 'tup_fetched': 200239.0, 'tup_inserted': 0.0, 'conflicts': 0.0, 'tup_updated': 0.0, 'tup_deleted': 0.0, 'disk_read_count': 951242.0, 'disk_write_count': 0.0, 'disk_read_bytes': 7792574464.0, 'disk_write_bytes': 0.0}","{
  ""size"": 10,
  ""read_ratio"": 0.9,
  ""group_by_ratio"": 0.9,
  ""order_by_ratio"": 0.9,
  ""avg_query_length"": 502.0,
  ""avg_joins"": 2.1,
  ""filter_ratio"": 0.8
}","[
    ""Sort(cost=493864.3)(Aggregate(cost=490146.2)(Gather(cost=482131.0)(Aggregate(cost=397493.4)(Hash Join(cost=378982.9)(Seq Scan(cost=313133.2); Hash(cost=45515.2)(Seq Scan(cost=45515.2)))))))"",
    ""Sort(cost=104997.7)(Aggregate(cost=101431.3)(Gather(cost=96735.4)(Aggregate(cost=55484.4)(Hash Join(cost=46846.0)(Seq Scan(cost=39047.3); Hash(cost=2290.7)(Seq Scan(cost=2290.7)))))))"",
    ""Sort(cost=2272521.0)(Aggregate(cost=2217635.8)(Gather Merge(cost=2121004.7)(Aggregate(cost=894518.6)(Sort(cost=860803.2)(Hash Join(cost=416220.2)(Seq Scan(cost=328235.0); Hash(cost=66083.3)(Seq Scan(cost=66083.3))))))))"",
    ""Sort(cost=35851.1)(Aggregate(cost=35797.7)(Gather Merge(cost=35725.1)(Aggregate(cost=34431.2)(Sort(cost=34405.7)(Nested Loop(cost=34336.9)(Bitmap Heap Scan(cost=18484.6)(Bitmap Index Scan(cost=100.9)); Index Scan(cost=7.0)))))))"",
    ""Gather(cost=15932.2)(Hash Join(cost=14498.3)(Nested Loop(cost=14493.4)(Merge Join(cost=7288.1)(Index Scan(cost=85896.2); Sort(cost=925.5)(Bitmap Heap Scan(cost=412.5)(Bitmap Index Scan(cost=142.3)))); Index Scan(cost=6.6)); Hash(cost=1.2)(Seq Scan(cost=1.2))))""
  ]",5,0.454797785,0.450249807
job_0,"{'shared_buffers': 1229044.0, 'work_mem': 31772.0, 'maintenance_work_mem': 136780.0, 'effective_cache_size': 2125691.0, 'max_connections': 442.0, 'wal_buffers': 7280.0, 'checkpoint_completion_target': 0.8606418371200562, 'checkpoint_timeout': 1101.0, 'effective_io_concurrency': 27.0, 'join_collapse_limit': 15.0, 'from_collapse_limit': 20.0, 'bgwriter_delay': 860.0, 'bgwriter_lru_multiplier': 1.7683191299438477, 'default_statistics_target': 196.0, 'max_parallel_workers_per_gather': 0.0}","{'xact_commit': 38.0, 'xact_rollback': 0.0, 'blks_read': 929629.0, 'blks_hit': 41813.0, 'tup_returned': 113866630.0, 'tup_fetched': 200239.0, 'tup_inserted': 0.0, 'conflicts': 0.0, 'tup_updated': 0.0, 'tup_deleted': 0.0, 'disk_read_count': 951242.0, 'disk_write_count': 0.0, 'disk_read_bytes': 7792574464.0, 'disk_write_bytes': 0.0}","{
  ""size"": 10,
  ""read_ratio"": 0.9,
  ""group_by_ratio"": 0.9,
  ""order_by_ratio"": 0.9,
  ""avg_query_length"": 502.0,
  ""avg_joins"": 2.1,
  ""filter_ratio"": 0.8
}","[
    ""Sort(cost=493864.3)(Aggregate(cost=490146.2)(Gather(cost=482131.0)(Aggregate(cost=397493.4)(Hash Join(cost=378982.9)(Seq Scan(cost=313133.2); Hash(cost=45515.2)(Seq Scan(cost=45515.2)))))))"",
    ""Sort(cost=104997.7)(Aggregate(cost=101431.3)(Gather(cost=96735.4)(Aggregate(cost=55484.4)(Hash Join(cost=46846.0)(Seq Scan(cost=39047.3); Hash(cost=2290.7)(Seq Scan(cost=2290.7)))))))"",
    ""Sort(cost=2272521.0)(Aggregate(cost=2217635.8)(Gather Merge(cost=2121004.7)(Aggregate(cost=894518.6)(Sort(cost=860803.2)(Hash Join(cost=416220.2)(Seq Scan(cost=328235.0); Hash(cost=66083.3)(Seq Scan(cost=66083.3))))))))"",
    ""Sort(cost=35851.1)(Aggregate(cost=35797.7)(Gather Merge(cost=35725.1)(Aggregate(cost=34431.2)(Sort(cost=34405.7)(Nested Loop(cost=34336.9)(Bitmap Heap Scan(cost=18484.6)(Bitmap Index Scan(cost=100.9)); Index Scan(cost=7.0)))))))"",
    ""Gather(cost=15932.2)(Hash Join(cost=14498.3)(Nested Loop(cost=14493.4)(Merge Join(cost=7288.1)(Index Scan(cost=85896.2); Sort(cost=925.5)(Bitmap Heap Scan(cost=412.5)(Bitmap Index Scan(cost=142.3)))); Index Scan(cost=6.6)); Hash(cost=1.2)(Seq Scan(cost=1.2))))"",
    ""Sort(cost=134603.1)(Aggregate(cost=130885.1)(Gather(cost=126006.2)(Aggregate(cost=83187.4)(Hash Join(cost=79408.6)(Seq Scan(cost=27206.5); Hash(cost=45515.2)(Seq Scan(cost=45515.2)))))))"",
    ""Sort(cost=149815.5)(Aggregate(cost=146097.5)(Gather(cost=141218.6)(Aggregate(cost=98399.8)(Hash Join(cost=92870.8)(Seq Scan(cost=39047.3); Hash(cost=45515.2)(Seq Scan(cost=45515.2)))))))"",
    ""Sort(cost=25.8)(Aggregate(cost=25.8)(Sort(cost=25.8)(Nested Loop(cost=25.8)(Index Scan(cost=17.3); Index Scan(cost=8.4)))))""
  ]",8,0.182291962,0.180469042
job_0,"{'shared_buffers': 793146.0, 'work_mem': 235708.0, 'maintenance_work_mem': 1925512.0, 'effective_cache_size': 1010333.0, 'max_connections': 100.0, 'wal_buffers': 3113.0, 'checkpoint_completion_target': 0.6921635270118713, 'checkpoint_timeout': 466.0, 'effective_io_concurrency': 295.0, 'join_collapse_limit': 12.0, 'from_collapse_limit': 13.0, 'bgwriter_delay': 372.0, 'bgwriter_lru_multiplier': 5.34850549697876, 'default_statistics_target': 305.0, 'max_parallel_workers_per_gather': 8.0}","{'xact_commit': 38.0, 'xact_rollback': 0.0, 'blks_read': 929629.0, 'blks_hit': 41813.0, 'tup_returned': 113866630.0, 'tup_fetched': 200239.0, 'tup_inserted': 0.0, 'conflicts': 0.0, 'tup_updated': 0.0, 'tup_deleted': 0.0, 'disk_read_count': 951242.0, 'disk_write_count': 0.0, 'disk_read_bytes': 7792574464.0, 'disk_write_bytes': 0.0}","{
  ""size"": 10,
  ""read_ratio"": 0.9,
  ""group_by_ratio"": 0.9,
  ""order_by_ratio"": 0.9,
  ""avg_query_length"": 502.0,
  ""avg_joins"": 2.1,
  ""filter_ratio"": 0.8
}","[
    ""Sort(cost=493864.3)(Aggregate(cost=490146.2)(Gather(cost=482131.0)(Aggregate(cost=397493.4)(Hash Join(cost=378982.9)(Seq Scan(cost=313133.2); Hash(cost=45515.2)(Seq Scan(cost=45515.2)))))))"",
    ""Sort(cost=104997.7)(Aggregate(cost=101431.3)(Gather(cost=96735.4)(Aggregate(cost=55484.4)(Hash Join(cost=46846.0)(Seq Scan(cost=39047.3); Hash(cost=2290.7)(Seq Scan(cost=2290.7)))))))"",
    ""Sort(cost=2272521.0)(Aggregate(cost=2217635.8)(Gather Merge(cost=2121004.7)(Aggregate(cost=894518.6)(Sort(cost=860803.2)(Hash Join(cost=416220.2)(Seq Scan(cost=328235.0); Hash(cost=66083.3)(Seq Scan(cost=66083.3))))))))"",
    ""Sort(cost=35851.1)(Aggregate(cost=35797.7)(Gather Merge(cost=35725.1)(Aggregate(cost=34431.2)(Sort(cost=34405.7)(Nested Loop(cost=34336.9)(Bitmap Heap Scan(cost=18484.6)(Bitmap Index Scan(cost=100.9)); Index Scan(cost=7.0)))))))"",
    ""Gather(cost=15932.2)(Hash Join(cost=14498.3)(Nested Loop(cost=14493.4)(Merge Join(cost=7288.1)(Index Scan(cost=85896.2); Sort(cost=925.5)(Bitmap Heap Scan(cost=412.5)(Bitmap Index Scan(cost=142.3)))); Index Scan(cost=6.6)); Hash(cost=1.2)(Seq Scan(cost=1.2))))"",
    ""Sort(cost=134603.1)(Aggregate(cost=130885.1)(Gather(cost=126006.2)(Aggregate(cost=83187.4)(Hash Join(cost=79408.6)(Seq Scan(cost=27206.5); Hash(cost=45515.2)(Seq Scan(cost=45515.2)))))))"",
    ""Sort(cost=149815.5)(Aggregate(cost=146097.5)(Gather(cost=141218.6)(Aggregate(cost=98399.8)(Hash Join(cost=92870.8)(Seq Scan(cost=39047.3); Hash(cost=45515.2)(Seq Scan(cost=45515.2)))))))"",
    ""Sort(cost=25.8)(Aggregate(cost=25.8)(Sort(cost=25.8)(Nested Loop(cost=25.8)(Index Scan(cost=17.3); Index Scan(cost=8.4)))))""
  ]",8,0.344478528,0.341033743
job_0,"{'shared_buffers': 678381.0, 'work_mem': 95807.0, 'maintenance_work_mem': 289368.0, 'effective_cache_size': 1326972.0, 'max_connections': 493.0, 'wal_buffers': 3832.0, 'checkpoint_completion_target': 0.756726861000061, 'checkpoint_timeout': 952.0, 'effective_io_concurrency': 169.0, 'join_collapse_limit': 16.0, 'from_collapse_limit': 13.0, 'bgwriter_delay': 417.0, 'bgwriter_lru_multiplier': 9.510931968688965, 'default_statistics_target': 227.0, 'max_parallel_workers_per_gather': 3.0}","{'xact_commit': 38.0, 'xact_rollback': 0.0, 'blks_read': 929629.0, 'blks_hit': 41813.0, 'tup_returned': 113866630.0, 'tup_fetched': 200239.0, 'tup_inserted': 0.0, 'conflicts': 0.0, 'tup_updated': 0.0, 'tup_deleted': 0.0, 'disk_read_count': 951242.0, 'disk_write_count': 0.0, 'disk_read_bytes': 7792574464.0, 'disk_write_bytes': 0.0}","{
  ""size"": 10,
  ""read_ratio"": 0.9,
  ""group_by_ratio"": 0.9,
  ""order_by_ratio"": 0.9,
  ""avg_query_length"": 502.0,
  ""avg_joins"": 2.1,
  ""filter_ratio"": 0.8
}","[
    ""Sort(cost=493864.3)(Aggregate(cost=490146.2)(Gather(cost=482131.0)(Aggregate(cost=397493.4)(Hash Join(cost=378982.9)(Seq Scan(cost=313133.2); Hash(cost=45515.2)(Seq Scan(cost=45515.2)))))))"",
    ""Sort(cost=25.8)(Aggregate(cost=25.8)(Sort(cost=25.8)(Nested Loop(cost=25.8)(Index Scan(cost=17.3); Index Scan(cost=8.4)))))""
  ]",2,0.525266367,0.520013703
job_0,"{'shared_buffers': 1307317.0, 'work_mem': 176503.0, 'maintenance_work_mem': 2085788.0, 'effective_cache_size': 3663544.0, 'max_connections': 150.0, 'wal_buffers': 6639.0, 'checkpoint_completion_target': 0.5882668495178223, 'checkpoint_timeout': 1775.0, 'effective_io_concurrency': 116.0, 'join_collapse_limit': 13.0, 'from_collapse_limit': 19.0, 'bgwriter_delay': 935.0, 'bgwriter_lru_multiplier': 3.3920254707336426, 'default_statistics_target': 273.0, 'max_parallel_workers_per_gather': 5.0}","{'xact_commit': 38.0, 'xact_rollback': 0.0, 'blks_read': 929629.0, 'blks_hit': 41813.0, 'tup_returned': 113866630.0, 'tup_fetched': 200239.0, 'tup_inserted': 0.0, 'conflicts': 0.0, 'tup_updated': 0.0, 'tup_deleted': 0.0, 'disk_read_count': 951242.0, 'disk_write_count': 0.0, 'disk_read_bytes': 7792574464.0, 'disk_write_bytes': 0.0}","{
  ""size"": 10,
  ""read_ratio"": 0.9,
  ""group_by_ratio"": 0.9,
  ""order_by_ratio"": 0.9,
  ""avg_query_length"": 502.0,
  ""avg_joins"": 2.1,
  ""filter_ratio"": 0.8
}","[
    ""Sort(cost=493864.3)(Aggregate(cost=490146.2)(Gather(cost=482131.0)(Aggregate(cost=397493.4)(Hash Join(cost=378982.9)(Seq Scan(cost=313133.2); Hash(cost=45515.2)(Seq Scan(cost=45515.2)))))))"",
    ""Sort(cost=104997.7)(Aggregate(cost=101431.3)(Gather(cost=96735.4)(Aggregate(cost=55484.4)(Hash Join(cost=46846.0)(Seq Scan(cost=39047.3); Hash(cost=2290.7)(Seq Scan(cost=2290.7)))))))"",
    ""Sort(cost=2272521.0)(Aggregate(cost=2217635.8)(Gather Merge(cost=2121004.7)(Aggregate(cost=894518.6)(Sort(cost=860803.2)(Hash Join(cost=416220.2)(Seq Scan(cost=328235.0); Hash(cost=66083.3)(Seq Scan(cost=66083.3))))))))"",
    ""Sort(cost=35851.1)(Aggregate(cost=35797.7)(Gather Merge(cost=35725.1)(Aggregate(cost=34431.2)(Sort(cost=34405.7)(Nested Loop(cost=34336.9)(Bitmap Heap Scan(cost=18484.6)(Bitmap Index Scan(cost=100.9)); Index Scan(cost=7.0)))))))"",
    ""Gather(cost=15932.2)(Hash Join(cost=14498.3)(Nested Loop(cost=14493.4)(Merge Join(cost=7288.1)(Index Scan(cost=85896.2); Sort(cost=925.5)(Bitmap Heap Scan(cost=412.5)(Bitmap Index Scan(cost=142.3)))); Index Scan(cost=6.6)); Hash(cost=1.2)(Seq Scan(cost=1.2))))"",
    ""Sort(cost=134603.1)(Aggregate(cost=130885.1)(Gather(cost=126006.2)(Aggregate(cost=83187.4)(Hash Join(cost=79408.6)(Seq Scan(cost=27206.5); Hash(cost=45515.2)(Seq Scan(cost=45515.2)))))))"",
    ""Sort(cost=149815.5)(Aggregate(cost=146097.5)(Gather(cost=141218.6)(Aggregate(cost=98399.8)(Hash Join(cost=92870.8)(Seq Scan(cost=39047.3); Hash(cost=45515.2)(Seq Scan(cost=45515.2)))))))"",
    ""Sort(cost=25.8)(Aggregate(cost=25.8)(Sort(cost=25.8)(Nested Loop(cost=25.8)(Index Scan(cost=17.3); Index Scan(cost=8.4)))))""
  ]",8,0.355177363,0.351625589
job_0,"{'shared_buffers': 930963.0, 'work_mem': 77101.0, 'maintenance_work_mem': 709790.0, 'effective_cache_size': 676671.0, 'max_connections': 221.0, 'wal_buffers': 5226.0, 'checkpoint_completion_target': 0.8957502245903015, 'checkpoint_timeout': 1210.0, 'effective_io_concurrency': 10.0, 'join_collapse_limit': 9.0, 'from_collapse_limit': 17.0, 'bgwriter_delay': 541.0, 'bgwriter_lru_multiplier': 5.858006954193115, 'default_statistics_target': 97.0, 'max_parallel_workers_per_gather': 6.0}","{'xact_commit': 38.0, 'xact_rollback': 0.0, 'blks_read': 929629.0, 'blks_hit': 41813.0, 'tup_returned': 113866630.0, 'tup_fetched': 200239.0, 'tup_inserted': 0.0, 'conflicts': 0.0, 'tup_updated': 0.0, 'tup_deleted': 0.0, 'disk_read_count': 951242.0, 'disk_write_count': 0.0, 'disk_read_bytes': 7792574464.0, 'disk_write_bytes': 0.0}","{
  ""size"": 10,
  ""read_ratio"": 0.9,
  ""group_by_ratio"": 0.9,
  ""order_by_ratio"": 0.9,
  ""avg_query_length"": 502.0,
  ""avg_joins"": 2.1,
  ""filter_ratio"": 0.8
}","[
    ""Sort(cost=493864.3)(Aggregate(cost=490146.2)(Gather(cost=482131.0)(Aggregate(cost=397493.4)(Hash Join(cost=378982.9)(Seq Scan(cost=313133.2); Hash(cost=45515.2)(Seq Scan(cost=45515.2)))))))"",
    ""Sort(cost=104997.7)(Aggregate(cost=101431.3)(Gather(cost=96735.4)(Aggregate(cost=55484.4)(Hash Join(cost=46846.0)(Seq Scan(cost=39047.3); Hash(cost=2290.7)(Seq Scan(cost=2290.7)))))))"",
    ""Sort(cost=2272521.0)(Aggregate(cost=2217635.8)(Gather Merge(cost=2121004.7)(Aggregate(cost=894518.6)(Sort(cost=860803.2)(Hash Join(cost=416220.2)(Seq Scan(cost=328235.0); Hash(cost=66083.3)(Seq Scan(cost=66083.3))))))))"",
    ""Sort(cost=35851.1)(Aggregate(cost=35797.7)(Gather Merge(cost=35725.1)(Aggregate(cost=34431.2)(Sort(cost=34405.7)(Nested Loop(cost=34336.9)(Bitmap Heap Scan(cost=18484.6)(Bitmap Index Scan(cost=100.9)); Index Scan(cost=7.0)))))))"",
    ""Gather(cost=15932.2)(Hash Join(cost=14498.3)(Nested Loop(cost=14493.4)(Merge Join(cost=7288.1)(Index Scan(cost=85896.2); Sort(cost=925.5)(Bitmap Heap Scan(cost=412.5)(Bitmap Index Scan(cost=142.3)))); Index Scan(cost=6.6)); Hash(cost=1.2)(Seq Scan(cost=1.2))))"",
    ""Sort(cost=134603.1)(Aggregate(cost=130885.1)(Gather(cost=126006.2)(Aggregate(cost=83187.4)(Hash Join(cost=79408.6)(Seq Scan(cost=27206.5); Hash(cost=45515.2)(Seq Scan(cost=45515.2)))))))"",
    ""Sort(cost=149815.5)(Aggregate(cost=146097.5)(Gather(cost=141218.6)(Aggregate(cost=98399.8)(Hash Join(cost=92870.8)(Seq Scan(cost=39047.3); Hash(cost=45515.2)(Seq Scan(cost=45515.2)))))))"",
    ""Sort(cost=25.8)(Aggregate(cost=25.8)(Sort(cost=25.8)(Nested Loop(cost=25.8)(Index Scan(cost=17.3); Index Scan(cost=8.4)))))""
  ]",8,0.215942208,0.213782786
job_0,"{'shared_buffers': 301337.0, 'work_mem': 211557.0, 'maintenance_work_mem': 1490402.0, 'effective_cache_size': 2415617.0, 'max_connections': 335.0, 'wal_buffers': 1215.0, 'checkpoint_completion_target': 0.6522717475891113, 'checkpoint_timeout': 392.0, 'effective_io_concurrency': 275.0, 'join_collapse_limit': 18.0, 'from_collapse_limit': 10.0, 'bgwriter_delay': 69.0, 'bgwriter_lru_multiplier': 1.8884499073028564, 'default_statistics_target': 419.0, 'max_parallel_workers_per_gather': 2.0}","{'xact_commit': 38.0, 'xact_rollback': 0.0, 'blks_read': 929629.0, 'blks_hit': 41813.0, 'tup_returned': 113866630.0, 'tup_fetched': 200239.0, 'tup_inserted': 0.0, 'conflicts': 0.0, 'tup_updated': 0.0, 'tup_deleted': 0.0, 'disk_read_count': 951242.0, 'disk_write_count': 0.0, 'disk_read_bytes': 7792574464.0, 'disk_write_bytes': 0.0}","{
  ""size"": 10,
  ""read_ratio"": 0.9,
  ""group_by_ratio"": 0.9,
  ""order_by_ratio"": 0.9,
  ""avg_query_length"": 502.0,
  ""avg_joins"": 2.1,
  ""filter_ratio"": 0.8
}","[
    ""Sort(cost=493864.3)(Aggregate(cost=490146.2)(Gather(cost=482131.0)(Aggregate(cost=397493.4)(Hash Join(cost=378982.9)(Seq Scan(cost=313133.2); Hash(cost=45515.2)(Seq Scan(cost=45515.2)))))))"",
    ""Sort(cost=104997.7)(Aggregate(cost=101431.3)(Gather(cost=96735.4)(Aggregate(cost=55484.4)(Hash Join(cost=46846.0)(Seq Scan(cost=39047.3); Hash(cost=2290.7)(Seq Scan(cost=2290.7)))))))"",
    ""Sort(cost=2272521.0)(Aggregate(cost=2217635.8)(Gather Merge(cost=2121004.7)(Aggregate(cost=894518.6)(Sort(cost=860803.2)(Hash Join(cost=416220.2)(Seq Scan(cost=328235.0); Hash(cost=66083.3)(Seq Scan(cost=66083.3))))))))"",
    ""Sort(cost=35851.1)(Aggregate(cost=35797.7)(Gather Merge(cost=35725.1)(Aggregate(cost=34431.2)(Sort(cost=34405.7)(Nested Loop(cost=34336.9)(Bitmap Heap Scan(cost=18484.6)(Bitmap Index Scan(cost=100.9)); Index Scan(cost=7.0)))))))"",
    ""Gather(cost=15932.2)(Hash Join(cost=14498.3)(Nested Loop(cost=14493.4)(Merge Join(cost=7288.1)(Index Scan(cost=85896.2); Sort(cost=925.5)(Bitmap Heap Scan(cost=412.5)(Bitmap Index Scan(cost=142.3)))); Index Scan(cost=6.6)); Hash(cost=1.2)(Seq Scan(cost=1.2))))"",
    ""Sort(cost=134603.1)(Aggregate(cost=130885.1)(Gather(cost=126006.2)(Aggregate(cost=83187.4)(Hash Join(cost=79408.6)(Seq Scan(cost=27206.5); Hash(cost=45515.2)(Seq Scan(cost=45515.2)))))))"",
    ""Sort(cost=149815.5)(Aggregate(cost=146097.5)(Gather(cost=141218.6)(Aggregate(cost=98399.8)(Hash Join(cost=92870.8)(Seq Scan(cost=39047.3); Hash(cost=45515.2)(Seq Scan(cost=45515.2)))))))"",
    ""Sort(cost=25.8)(Aggregate(cost=25.8)(Sort(cost=25.8)(Nested Loop(cost=25.8)(Index Scan(cost=17.3); Index Scan(cost=8.4)))))""
  ]",8,0.517585519,0.512409664
job_0,"{'shared_buffers': 88211.0, 'work_mem': 23133.0, 'maintenance_work_mem': 1767558.0, 'effective_cache_size': 2704010.0, 'max_connections': 324.0, 'wal_buffers': 2552.0, 'checkpoint_completion_target': 0.8137192726135254, 'checkpoint_timeout': 1246.0, 'effective_io_concurrency': 71.0, 'join_collapse_limit': 12.0, 'from_collapse_limit': 14.0, 'bgwriter_delay': 149.0, 'bgwriter_lru_multiplier': 7.223410606384277, 'default_statistics_target': 351.0, 'max_parallel_workers_per_gather': 1.0}","{'xact_commit': 38.0, 'xact_rollback': 0.0, 'blks_read': 929629.0, 'blks_hit': 41813.0, 'tup_returned': 113866630.0, 'tup_fetched': 200239.0, 'tup_inserted': 0.0, 'conflicts': 0.0, 'tup_updated': 0.0, 'tup_deleted': 0.0, 'disk_read_count': 951242.0, 'disk_write_count': 0.0, 'disk_read_bytes': 7792574464.0, 'disk_write_bytes': 0.0}","{
  ""size"": 10,
  ""read_ratio"": 0.9,
  ""group_by_ratio"": 0.9,
  ""order_by_ratio"": 0.9,
  ""avg_query_length"": 502.0,
  ""avg_joins"": 2.1,
  ""filter_ratio"": 0.8
}","[
    ""Sort(cost=493864.3)(Aggregate(cost=490146.2)(Gather(cost=482131.0)(Aggregate(cost=397493.4)(Hash Join(cost=378982.9)(Seq Scan(cost=313133.2); Hash(cost=45515.2)(Seq Scan(cost=45515.2)))))))"",
    ""Sort(cost=104997.7)(Aggregate(cost=101431.3)(Gather(cost=96735.4)(Aggregate(cost=55484.4)(Hash Join(cost=46846.0)(Seq Scan(cost=39047.3); Hash(cost=2290.7)(Seq Scan(cost=2290.7)))))))"",
    ""Sort(cost=2272521.0)(Aggregate(cost=2217635.8)(Gather Merge(cost=2121004.7)(Aggregate(cost=894518.6)(Sort(cost=860803.2)(Hash Join(cost=416220.2)(Seq Scan(cost=328235.0); Hash(cost=66083.3)(Seq Scan(cost=66083.3))))))))"",
    ""Sort(cost=35851.1)(Aggregate(cost=35797.7)(Gather Merge(cost=35725.1)(Aggregate(cost=34431.2)(Sort(cost=34405.7)(Nested Loop(cost=34336.9)(Bitmap Heap Scan(cost=18484.6)(Bitmap Index Scan(cost=100.9)); Index Scan(cost=7.0)))))))"",
    ""Gather(cost=15932.2)(Hash Join(cost=14498.3)(Nested Loop(cost=14493.4)(Merge Join(cost=7288.1)(Index Scan(cost=85896.2); Sort(cost=925.5)(Bitmap Heap Scan(cost=412.5)(Bitmap Index Scan(cost=142.3)))); Index Scan(cost=6.6)); Hash(cost=1.2)(Seq Scan(cost=1.2))))"",
    ""Sort(cost=134603.1)(Aggregate(cost=130885.1)(Gather(cost=126006.2)(Aggregate(cost=83187.4)(Hash Join(cost=79408.6)(Seq Scan(cost=27206.5); Hash(cost=45515.2)(Seq Scan(cost=45515.2)))))))"",
    ""Sort(cost=149815.5)(Aggregate(cost=146097.5)(Gather(cost=141218.6)(Aggregate(cost=98399.8)(Hash Join(cost=92870.8)(Seq Scan(cost=39047.3); Hash(cost=45515.2)(Seq Scan(cost=45515.2)))))))"",
    ""Sort(cost=25.8)(Aggregate(cost=25.8)(Sort(cost=25.8)(Nested Loop(cost=25.8)(Index Scan(cost=17.3); Index Scan(cost=8.4)))))""
  ]",8,0.351164132,0.34765249
job_0,"{'shared_buffers': 1107051.0, 'work_mem': 250109.0, 'maintenance_work_mem': 484746.0, 'effective_cache_size': 371115.0, 'max_connections': 206.0, 'wal_buffers': 7842.0, 'checkpoint_completion_target': 0.6327409744262695, 'checkpoint_timeout': 614.0, 'effective_io_concurrency': 251.0, 'join_collapse_limit': 15.0, 'from_collapse_limit': 9.0, 'bgwriter_delay': 650.0, 'bgwriter_lru_multiplier': 1.143261432647705, 'default_statistics_target': 153.0, 'max_parallel_workers_per_gather': 7.0}","{'xact_commit': 38.0, 'xact_rollback': 0.0, 'blks_read': 929629.0, 'blks_hit': 41813.0, 'tup_returned': 113866630.0, 'tup_fetched': 200239.0, 'tup_inserted': 0.0, 'conflicts': 0.0, 'tup_updated': 0.0, 'tup_deleted': 0.0, 'disk_read_count': 951242.0, 'disk_write_count': 0.0, 'disk_read_bytes': 7792574464.0, 'disk_write_bytes': 0.0}","{
  ""size"": 10,
  ""read_ratio"": 0.9,
  ""group_by_ratio"": 0.9,
  ""order_by_ratio"": 0.9,
  ""avg_query_length"": 502.0,
  ""avg_joins"": 2.1,
  ""filter_ratio"": 0.8
}","[
    ""Sort(cost=493864.3)(Aggregate(cost=490146.2)(Gather(cost=482131.0)(Aggregate(cost=397493.4)(Hash Join(cost=378982.9)(Seq Scan(cost=313133.2); Hash(cost=45515.2)(Seq Scan(cost=45515.2)))))))"",
    ""Sort(cost=104997.7)(Aggregate(cost=101431.3)(Gather(cost=96735.4)(Aggregate(cost=55484.4)(Hash Join(cost=46846.0)(Seq Scan(cost=39047.3); Hash(cost=2290.7)(Seq Scan(cost=2290.7)))))))"",
    ""Sort(cost=2272521.0)(Aggregate(cost=2217635.8)(Gather Merge(cost=2121004.7)(Aggregate(cost=894518.6)(Sort(cost=860803.2)(Hash Join(cost=416220.2)(Seq Scan(cost=328235.0); Hash(cost=66083.3)(Seq Scan(cost=66083.3))))))))"",
    ""Sort(cost=35851.1)(Aggregate(cost=35797.7)(Gather Merge(cost=35725.1)(Aggregate(cost=34431.2)(Sort(cost=34405.7)(Nested Loop(cost=34336.9)(Bitmap Heap Scan(cost=18484.6)(Bitmap Index Scan(cost=100.9)); Index Scan(cost=7.0)))))))"",
    ""Gather(cost=15932.2)(Hash Join(cost=14498.3)(Nested Loop(cost=14493.4)(Merge Join(cost=7288.1)(Index Scan(cost=85896.2); Sort(cost=925.5)(Bitmap Heap Scan(cost=412.5)(Bitmap Index Scan(cost=142.3)))); Index Scan(cost=6.6)); Hash(cost=1.2)(Seq Scan(cost=1.2))))"",
    ""Sort(cost=134603.1)(Aggregate(cost=130885.1)(Gather(cost=126006.2)(Aggregate(cost=83187.4)(Hash Join(cost=79408.6)(Seq Scan(cost=27206.5); Hash(cost=45515.2)(Seq Scan(cost=45515.2)))))))"",
    ""Sort(cost=149815.5)(Aggregate(cost=146097.5)(Gather(cost=141218.6)(Aggregate(cost=98399.8)(Hash Join(cost=92870.8)(Seq Scan(cost=39047.3); Hash(cost=45515.2)(Seq Scan(cost=45515.2)))))))"",
    ""Sort(cost=25.8)(Aggregate(cost=25.8)(Sort(cost=25.8)(Nested Loop(cost=25.8)(Index Scan(cost=17.3); Index Scan(cost=8.4)))))""
  ]",8,0.346215853,0.342753694
job_0,"{'shared_buffers': 1483882.0, 'work_mem': 118638.0, 'maintenance_work_mem': 1299023.0, 'effective_cache_size': 3360332.0, 'max_connections': 52.0, 'wal_buffers': 5000.0, 'checkpoint_completion_target': 0.7278217673301697, 'checkpoint_timeout': 798.0, 'effective_io_concurrency': 211.0, 'join_collapse_limit': 20.0, 'from_collapse_limit': 11.0, 'bgwriter_delay': 768.0, 'bgwriter_lru_multiplier': 8.687520980834961, 'default_statistics_target': 466.0, 'max_parallel_workers_per_gather': 6.0}","{'xact_commit': 38.0, 'xact_rollback': 0.0, 'blks_read': 929629.0, 'blks_hit': 41813.0, 'tup_returned': 113866630.0, 'tup_fetched': 200239.0, 'tup_inserted': 0.0, 'conflicts': 0.0, 'tup_updated': 0.0, 'tup_deleted': 0.0, 'disk_read_count': 951242.0, 'disk_write_count': 0.0, 'disk_read_bytes': 7792574464.0, 'disk_write_bytes': 0.0}","{
  ""size"": 10,
  ""read_ratio"": 0.9,
  ""group_by_ratio"": 0.9,
  ""order_by_ratio"": 0.9,
  ""avg_query_length"": 502.0,
  ""avg_joins"": 2.1,
  ""filter_ratio"": 0.8
}","[
    ""Sort(cost=493864.3)(Aggregate(cost=490146.2)(Gather(cost=482131.0)(Aggregate(cost=397493.4)(Hash Join(cost=378982.9)(Seq Scan(cost=313133.2); Hash(cost=45515.2)(Seq Scan(cost=45515.2)))))))"",
    ""Sort(cost=104997.7)(Aggregate(cost=101431.3)(Gather(cost=96735.4)(Aggregate(cost=55484.4)(Hash Join(cost=46846.0)(Seq Scan(cost=39047.3); Hash(cost=2290.7)(Seq Scan(cost=2290.7)))))))"",
    ""Sort(cost=2272521.0)(Aggregate(cost=2217635.8)(Gather Merge(cost=2121004.7)(Aggregate(cost=894518.6)(Sort(cost=860803.2)(Hash Join(cost=416220.2)(Seq Scan(cost=328235.0); Hash(cost=66083.3)(Seq Scan(cost=66083.3))))))))"",
    ""Sort(cost=35851.1)(Aggregate(cost=35797.7)(Gather Merge(cost=35725.1)(Aggregate(cost=34431.2)(Sort(cost=34405.7)(Nested Loop(cost=34336.9)(Bitmap Heap Scan(cost=18484.6)(Bitmap Index Scan(cost=100.9)); Index Scan(cost=7.0)))))))"",
    ""Gather(cost=15932.2)(Hash Join(cost=14498.3)(Nested Loop(cost=14493.4)(Merge Join(cost=7288.1)(Index Scan(cost=85896.2); Sort(cost=925.5)(Bitmap Heap Scan(cost=412.5)(Bitmap Index Scan(cost=142.3)))); Index Scan(cost=6.6)); Hash(cost=1.2)(Seq Scan(cost=1.2))))"",
    ""Sort(cost=134603.1)(Aggregate(cost=130885.1)(Gather(cost=126006.2)(Aggregate(cost=83187.4)(Hash Join(cost=79408.6)(Seq Scan(cost=27206.5); Hash(cost=45515.2)(Seq Scan(cost=45515.2)))))))"",
    ""Sort(cost=149815.5)(Aggregate(cost=146097.5)(Gather(cost=141218.6)(Aggregate(cost=98399.8)(Hash Join(cost=92870.8)(Seq Scan(cost=39047.3); Hash(cost=45515.2)(Seq Scan(cost=45515.2)))))))"",
    ""Sort(cost=25.8)(Aggregate(cost=25.8)(Sort(cost=25.8)(Nested Loop(cost=25.8)(Index Scan(cost=17.3); Index Scan(cost=8.4)))))""
  ]",8,0.21560799,0.21345191
job_0,"{'shared_buffers': 465919.0, 'work_mem': 168975.0, 'maintenance_work_mem': 1032020.0, 'effective_cache_size': 1617652.0, 'max_connections': 391.0, 'wal_buffers': 1487.0, 'checkpoint_completion_target': 0.5218616724014282, 'checkpoint_timeout': 1437.0, 'effective_io_concurrency': 111.0, 'join_collapse_limit': 11.0, 'from_collapse_limit': 18.0, 'bgwriter_delay': 279.0, 'bgwriter_lru_multiplier': 4.835456371307373, 'default_statistics_target': 54.0, 'max_parallel_workers_per_gather': 2.0}","{'xact_commit': 38.0, 'xact_rollback': 0.0, 'blks_read': 929629.0, 'blks_hit': 41813.0, 'tup_returned': 113866630.0, 'tup_fetched': 200239.0, 'tup_inserted': 0.0, 'conflicts': 0.0, 'tup_updated': 0.0, 'tup_deleted': 0.0, 'disk_read_count': 951242.0, 'disk_write_count': 0.0, 'disk_read_bytes': 7792574464.0, 'disk_write_bytes': 0.0}","{
  ""size"": 10,
  ""read_ratio"": 0.9,
  ""group_by_ratio"": 0.9,
  ""order_by_ratio"": 0.9,
  ""avg_query_length"": 502.0,
  ""avg_joins"": 2.1,
  ""filter_ratio"": 0.8
}","[
    ""Sort(cost=493864.3)(Aggregate(cost=490146.2)(Gather(cost=482131.0)(Aggregate(cost=397493.4)(Hash Join(cost=378982.9)(Seq Scan(cost=313133.2); Hash(cost=45515.2)(Seq Scan(cost=45515.2)))))))"",
    ""Sort(cost=104997.7)(Aggregate(cost=101431.3)(Gather(cost=96735.4)(Aggregate(cost=55484.4)(Hash Join(cost=46846.0)(Seq Scan(cost=39047.3); Hash(cost=2290.7)(Seq Scan(cost=2290.7)))))))"",
    ""Sort(cost=2272521.0)(Aggregate(cost=2217635.8)(Gather Merge(cost=2121004.7)(Aggregate(cost=894518.6)(Sort(cost=860803.2)(Hash Join(cost=416220.2)(Seq Scan(cost=328235.0); Hash(cost=66083.3)(Seq Scan(cost=66083.3))))))))"",
    ""Sort(cost=35851.1)(Aggregate(cost=35797.7)(Gather Merge(cost=35725.1)(Aggregate(cost=34431.2)(Sort(cost=34405.7)(Nested Loop(cost=34336.9)(Bitmap Heap Scan(cost=18484.6)(Bitmap Index Scan(cost=100.9)); Index Scan(cost=7.0)))))))"",
    ""Gather(cost=15932.2)(Hash Join(cost=14498.3)(Nested Loop(cost=14493.4)(Merge Join(cost=7288.1)(Index Scan(cost=85896.2); Sort(cost=925.5)(Bitmap Heap Scan(cost=412.5)(Bitmap Index Scan(cost=142.3)))); Index Scan(cost=6.6)); Hash(cost=1.2)(Seq Scan(cost=1.2))))"",
    ""Sort(cost=134603.1)(Aggregate(cost=130885.1)(Gather(cost=126006.2)(Aggregate(cost=83187.4)(Hash Join(cost=79408.6)(Seq Scan(cost=27206.5); Hash(cost=45515.2)(Seq Scan(cost=45515.2)))))))"",
    ""Sort(cost=149815.5)(Aggregate(cost=146097.5)(Gather(cost=141218.6)(Aggregate(cost=98399.8)(Hash Join(cost=92870.8)(Seq Scan(cost=39047.3); Hash(cost=45515.2)(Seq Scan(cost=45515.2)))))))"",
    ""Sort(cost=25.8)(Aggregate(cost=25.8)(Sort(cost=25.8)(Nested Loop(cost=25.8)(Index Scan(cost=17.3); Index Scan(cost=8.4)))))""
  ]",8,0.497857801,0.492879223
job_0,"{'shared_buffers': 424088.0, 'work_mem': 112612.0, 'maintenance_work_mem': 2012567.0, 'effective_cache_size': 2174250.0, 'max_connections': 257.0, 'wal_buffers': 7949.0, 'checkpoint_completion_target': 0.6003173589706421, 'checkpoint_timeout': 821.0, 'effective_io_concurrency': 126.0, 'join_collapse_limit': 19.0, 'from_collapse_limit': 18.0, 'bgwriter_delay': 219.0, 'bgwriter_lru_multiplier': 5.017106533050537, 'default_statistics_target': 106.0, 'max_parallel_workers_per_gather': 5.0}","{'xact_commit': 38.0, 'xact_rollback': 0.0, 'blks_read': 929629.0, 'blks_hit': 41813.0, 'tup_returned': 113866630.0, 'tup_fetched': 200239.0, 'tup_inserted': 0.0, 'conflicts': 0.0, 'tup_updated': 0.0, 'tup_deleted': 0.0, 'disk_read_count': 951242.0, 'disk_write_count': 0.0, 'disk_read_bytes': 7792574464.0, 'disk_write_bytes': 0.0}","{
  ""size"": 10,
  ""read_ratio"": 0.9,
  ""group_by_ratio"": 0.9,
  ""order_by_ratio"": 0.9,
  ""avg_query_length"": 502.0,
  ""avg_joins"": 2.1,
  ""filter_ratio"": 0.8
}","[
    ""Sort(cost=493864.3)(Aggregate(cost=490146.2)(Gather(cost=482131.0)(Aggregate(cost=397493.4)(Hash Join(cost=378982.9)(Seq Scan(cost=313133.2); Hash(cost=45515.2)(Seq Scan(cost=45515.2)))))))"",
    ""Sort(cost=104997.7)(Aggregate(cost=101431.3)(Gather(cost=96735.4)(Aggregate(cost=55484.4)(Hash Join(cost=46846.0)(Seq Scan(cost=39047.3); Hash(cost=2290.7)(Seq Scan(cost=2290.7)))))))"",
    ""Sort(cost=134603.1)(Aggregate(cost=130885.1)(Gather(cost=126006.2)(Aggregate(cost=83187.4)(Hash Join(cost=79408.6)(Seq Scan(cost=27206.5); Hash(cost=45515.2)(Seq Scan(cost=45515.2)))))))"",
    ""Sort(cost=149815.5)(Aggregate(cost=146097.5)(Gather(cost=141218.6)(Aggregate(cost=98399.8)(Hash Join(cost=92870.8)(Seq Scan(cost=39047.3); Hash(cost=45515.2)(Seq Scan(cost=45515.2)))))))"",
    ""Sort(cost=25.8)(Aggregate(cost=25.8)(Sort(cost=25.8)(Nested Loop(cost=25.8)(Index Scan(cost=17.3); Index Scan(cost=8.4)))))""
  ]",5,0.46674396,0.462076521
job_0,"{'shared_buffers': 1546950.0, 'work_mem': 154915.0, 'maintenance_work_mem': 255581.0, 'effective_cache_size': 917632.0, 'max_connections': 372.0, 'wal_buffers': 2445.0, 'checkpoint_completion_target': 0.8437529802322388, 'checkpoint_timeout': 1496.0, 'effective_io_concurrency': 159.0, 'join_collapse_limit': 10.0, 'from_collapse_limit': 11.0, 'bgwriter_delay': 704.0, 'bgwriter_lru_multiplier': 1.4793694019317627, 'default_statistics_target': 398.0, 'max_parallel_workers_per_gather': 3.0}","{'xact_commit': 38.0, 'xact_rollback': 0.0, 'blks_read': 929629.0, 'blks_hit': 41813.0, 'tup_returned': 113866630.0, 'tup_fetched': 200239.0, 'tup_inserted': 0.0, 'conflicts': 0.0, 'tup_updated': 0.0, 'tup_deleted': 0.0, 'disk_read_count': 951242.0, 'disk_write_count': 0.0, 'disk_read_bytes': 7792574464.0, 'disk_write_bytes': 0.0}","{
  ""size"": 10,
  ""read_ratio"": 0.9,
  ""group_by_ratio"": 0.9,
  ""order_by_ratio"": 0.9,
  ""avg_query_length"": 502.0,
  ""avg_joins"": 2.1,
  ""filter_ratio"": 0.8
}","[
    ""Sort(cost=493864.3)(Aggregate(cost=490146.2)(Gather(cost=482131.0)(Aggregate(cost=397493.4)(Hash Join(cost=378982.9)(Seq Scan(cost=313133.2); Hash(cost=45515.2)(Seq Scan(cost=45515.2)))))))"",
    ""Sort(cost=104997.7)(Aggregate(cost=101431.3)(Gather(cost=96735.4)(Aggregate(cost=55484.4)(Hash Join(cost=46846.0)(Seq Scan(cost=39047.3); Hash(cost=2290.7)(Seq Scan(cost=2290.7)))))))"",
    ""Sort(cost=2272521.0)(Aggregate(cost=2217635.8)(Gather Merge(cost=2121004.7)(Aggregate(cost=894518.6)(Sort(cost=860803.2)(Hash Join(cost=416220.2)(Seq Scan(cost=328235.0); Hash(cost=66083.3)(Seq Scan(cost=66083.3))))))))"",
    ""Sort(cost=35851.1)(Aggregate(cost=35797.7)(Gather Merge(cost=35725.1)(Aggregate(cost=34431.2)(Sort(cost=34405.7)(Nested Loop(cost=34336.9)(Bitmap Heap Scan(cost=18484.6)(Bitmap Index Scan(cost=100.9)); Index Scan(cost=7.0)))))))"",
    ""Gather(cost=15932.2)(Hash Join(cost=14498.3)(Nested Loop(cost=14493.4)(Merge Join(cost=7288.1)(Index Scan(cost=85896.2); Sort(cost=925.5)(Bitmap Heap Scan(cost=412.5)(Bitmap Index Scan(cost=142.3)))); Index Scan(cost=6.6)); Hash(cost=1.2)(Seq Scan(cost=1.2))))"",
    ""Sort(cost=134603.1)(Aggregate(cost=130885.1)(Gather(cost=126006.2)(Aggregate(cost=83187.4)(Hash Join(cost=79408.6)(Seq Scan(cost=27206.5); Hash(cost=45515.2)(Seq Scan(cost=45515.2)))))))"",
    ""Sort(cost=149815.5)(Aggregate(cost=146097.5)(Gather(cost=141218.6)(Aggregate(cost=98399.8)(Hash Join(cost=92870.8)(Seq Scan(cost=39047.3); Hash(cost=45515.2)(Seq Scan(cost=45515.2)))))))"",
    ""Sort(cost=25.8)(Aggregate(cost=25.8)(Sort(cost=25.8)(Nested Loop(cost=25.8)(Index Scan(cost=17.3); Index Scan(cost=8.4)))))""
  ]",8,0.445745985,0.441288525
job_0,"{'shared_buffers': 1144305.0, 'work_mem': 25717.0, 'maintenance_work_mem': 1528161.0, 'effective_cache_size': 3897777.0, 'max_connections': 471.0, 'wal_buffers': 1593.0, 'checkpoint_completion_target': 0.5394189953804016, 'checkpoint_timeout': 1311.0, 'effective_io_concurrency': 266.0, 'join_collapse_limit': 12.0, 'from_collapse_limit': 9.0, 'bgwriter_delay': 837.0, 'bgwriter_lru_multiplier': 9.023096084594727, 'default_statistics_target': 221.0, 'max_parallel_workers_per_gather': 2.0}","{'xact_commit': 38.0, 'xact_rollback': 0.0, 'blks_read': 929629.0, 'blks_hit': 41813.0, 'tup_returned': 113866630.0, 'tup_fetched': 200239.0, 'tup_inserted': 0.0, 'conflicts': 0.0, 'tup_updated': 0.0, 'tup_deleted': 0.0, 'disk_read_count': 951242.0, 'disk_write_count': 0.0, 'disk_read_bytes': 7792574464.0, 'disk_write_bytes': 0.0}","{
  ""size"": 10,
  ""read_ratio"": 0.9,
  ""group_by_ratio"": 0.9,
  ""order_by_ratio"": 0.9,
  ""avg_query_length"": 502.0,
  ""avg_joins"": 2.1,
  ""filter_ratio"": 0.8
}","[
    ""Sort(cost=493864.3)(Aggregate(cost=490146.2)(Gather(cost=482131.0)(Aggregate(cost=397493.4)(Hash Join(cost=378982.9)(Seq Scan(cost=313133.2); Hash(cost=45515.2)(Seq Scan(cost=45515.2)))))))"",
    ""Sort(cost=104997.7)(Aggregate(cost=101431.3)(Gather(cost=96735.4)(Aggregate(cost=55484.4)(Hash Join(cost=46846.0)(Seq Scan(cost=39047.3); Hash(cost=2290.7)(Seq Scan(cost=2290.7)))))))"",
    ""Sort(cost=2272521.0)(Aggregate(cost=2217635.8)(Gather Merge(cost=2121004.7)(Aggregate(cost=894518.6)(Sort(cost=860803.2)(Hash Join(cost=416220.2)(Seq Scan(cost=328235.0); Hash(cost=66083.3)(Seq Scan(cost=66083.3))))))))"",
    ""Sort(cost=35851.1)(Aggregate(cost=35797.7)(Gather Merge(cost=35725.1)(Aggregate(cost=34431.2)(Sort(cost=34405.7)(Nested Loop(cost=34336.9)(Bitmap Heap Scan(cost=18484.6)(Bitmap Index Scan(cost=100.9)); Index Scan(cost=7.0)))))))"",
    ""Gather(cost=15932.2)(Hash Join(cost=14498.3)(Nested Loop(cost=14493.4)(Merge Join(cost=7288.1)(Index Scan(cost=85896.2); Sort(cost=925.5)(Bitmap Heap Scan(cost=412.5)(Bitmap Index Scan(cost=142.3)))); Index Scan(cost=6.6)); Hash(cost=1.2)(Seq Scan(cost=1.2))))"",
    ""Sort(cost=134603.1)(Aggregate(cost=130885.1)(Gather(cost=126006.2)(Aggregate(cost=83187.4)(Hash Join(cost=79408.6)(Seq Scan(cost=27206.5); Hash(cost=45515.2)(Seq Scan(cost=45515.2)))))))"",
    ""Sort(cost=149815.5)(Aggregate(cost=146097.5)(Gather(cost=141218.6)(Aggregate(cost=98399.8)(Hash Join(cost=92870.8)(Seq Scan(cost=39047.3); Hash(cost=45515.2)(Seq Scan(cost=45515.2)))))))"",
    ""Sort(cost=25.8)(Aggregate(cost=25.8)(Sort(cost=25.8)(Nested Loop(cost=25.8)(Index Scan(cost=17.3); Index Scan(cost=8.4)))))""
  ]",8,0.432299584,0.427976588
job_0,"{'shared_buffers': 23650.0, 'work_mem': 260021.0, 'maintenance_work_mem': 786983.0, 'effective_cache_size': 1093261.0, 'max_connections': 128.0, 'wal_buffers': 4894.0, 'checkpoint_completion_target': 0.7078729867935181, 'checkpoint_timeout': 631.0, 'effective_io_concurrency': 19.0, 'join_collapse_limit': 15.0, 'from_collapse_limit': 14.0, 'bgwriter_delay': 333.0, 'bgwriter_lru_multiplier': 2.6298422813415527, 'default_statistics_target': 298.0, 'max_parallel_workers_per_gather': 6.0}","{'xact_commit': 38.0, 'xact_rollback': 0.0, 'blks_read': 929629.0, 'blks_hit': 41813.0, 'tup_returned': 113866630.0, 'tup_fetched': 200239.0, 'tup_inserted': 0.0, 'conflicts': 0.0, 'tup_updated': 0.0, 'tup_deleted': 0.0, 'disk_read_count': 951242.0, 'disk_write_count': 0.0, 'disk_read_bytes': 7792574464.0, 'disk_write_bytes': 0.0}","{
  ""size"": 10,
  ""read_ratio"": 0.9,
  ""group_by_ratio"": 0.9,
  ""order_by_ratio"": 0.9,
  ""avg_query_length"": 502.0,
  ""avg_joins"": 2.1,
  ""filter_ratio"": 0.8
}","[
    ""Sort(cost=493864.3)(Aggregate(cost=490146.2)(Gather(cost=482131.0)(Aggregate(cost=397493.4)(Hash Join(cost=378982.9)(Seq Scan(cost=313133.2); Hash(cost=45515.2)(Seq Scan(cost=45515.2)))))))"",
    ""Sort(cost=104997.7)(Aggregate(cost=101431.3)(Gather(cost=96735.4)(Aggregate(cost=55484.4)(Hash Join(cost=46846.0)(Seq Scan(cost=39047.3); Hash(cost=2290.7)(Seq Scan(cost=2290.7)))))))"",
    ""Sort(cost=2272521.0)(Aggregate(cost=2217635.8)(Gather Merge(cost=2121004.7)(Aggregate(cost=894518.6)(Sort(cost=860803.2)(Hash Join(cost=416220.2)(Seq Scan(cost=328235.0); Hash(cost=66083.3)(Seq Scan(cost=66083.3))))))))"",
    ""Sort(cost=35851.1)(Aggregate(cost=35797.7)(Gather Merge(cost=35725.1)(Aggregate(cost=34431.2)(Sort(cost=34405.7)(Nested Loop(cost=34336.9)(Bitmap Heap Scan(cost=18484.6)(Bitmap Index Scan(cost=100.9)); Index Scan(cost=7.0)))))))"",
    ""Gather(cost=15932.2)(Hash Join(cost=14498.3)(Nested Loop(cost=14493.4)(Merge Join(cost=7288.1)(Index Scan(cost=85896.2); Sort(cost=925.5)(Bitmap Heap Scan(cost=412.5)(Bitmap Index Scan(cost=142.3)))); Index Scan(cost=6.6)); Hash(cost=1.2)(Seq Scan(cost=1.2))))"",
    ""Sort(cost=134603.1)(Aggregate(cost=130885.1)(Gather(cost=126006.2)(Aggregate(cost=83187.4)(Hash Join(cost=79408.6)(Seq Scan(cost=27206.5); Hash(cost=45515.2)(Seq Scan(cost=45515.2)))))))"",
    ""Sort(cost=149815.5)(Aggregate(cost=146097.5)(Gather(cost=141218.6)(Aggregate(cost=98399.8)(Hash Join(cost=92870.8)(Seq Scan(cost=39047.3); Hash(cost=45515.2)(Seq Scan(cost=45515.2)))))))"",
    ""Sort(cost=25.8)(Aggregate(cost=25.8)(Sort(cost=25.8)(Nested Loop(cost=25.8)(Index Scan(cost=17.3); Index Scan(cost=8.4)))))""
  ]",8,0.42448136,0.420236547
job_0,"{'shared_buffers': 236778.0, 'work_mem': 63906.0, 'maintenance_work_mem': 566155.0, 'effective_cache_size': 1858613.0, 'max_connections': 89.0, 'wal_buffers': 6254.0, 'checkpoint_completion_target': 0.5698859095573425, 'checkpoint_timeout': 1183.0, 'effective_io_concurrency': 261.0, 'join_collapse_limit': 8.0, 'from_collapse_limit': 10.0, 'bgwriter_delay': 502.0, 'bgwriter_lru_multiplier': 7.964112758636475, 'default_statistics_target': 472.0, 'max_parallel_workers_per_gather': 7.0}","{'xact_commit': 38.0, 'xact_rollback': 0.0, 'blks_read': 929629.0, 'blks_hit': 41813.0, 'tup_returned': 113866630.0, 'tup_fetched': 200239.0, 'tup_inserted': 0.0, 'conflicts': 0.0, 'tup_updated': 0.0, 'tup_deleted': 0.0, 'disk_read_count': 951242.0, 'disk_write_count': 0.0, 'disk_read_bytes': 7792574464.0, 'disk_write_bytes': 0.0}","{
  ""size"": 10,
  ""read_ratio"": 0.9,
  ""group_by_ratio"": 0.9,
  ""order_by_ratio"": 0.9,
  ""avg_query_length"": 502.0,
  ""avg_joins"": 2.1,
  ""filter_ratio"": 0.8
}","[
    ""Sort(cost=493864.3)(Aggregate(cost=490146.2)(Gather(cost=482131.0)(Aggregate(cost=397493.4)(Hash Join(cost=378982.9)(Seq Scan(cost=313133.2); Hash(cost=45515.2)(Seq Scan(cost=45515.2)))))))"",
    ""Sort(cost=104997.7)(Aggregate(cost=101431.3)(Gather(cost=96735.4)(Aggregate(cost=55484.4)(Hash Join(cost=46846.0)(Seq Scan(cost=39047.3); Hash(cost=2290.7)(Seq Scan(cost=2290.7)))))))"",
    ""Sort(cost=2272521.0)(Aggregate(cost=2217635.8)(Gather Merge(cost=2121004.7)(Aggregate(cost=894518.6)(Sort(cost=860803.2)(Hash Join(cost=416220.2)(Seq Scan(cost=328235.0); Hash(cost=66083.3)(Seq Scan(cost=66083.3))))))))"",
    ""Sort(cost=35851.1)(Aggregate(cost=35797.7)(Gather Merge(cost=35725.1)(Aggregate(cost=34431.2)(Sort(cost=34405.7)(Nested Loop(cost=34336.9)(Bitmap Heap Scan(cost=18484.6)(Bitmap Index Scan(cost=100.9)); Index Scan(cost=7.0)))))))"",
    ""Gather(cost=15932.2)(Hash Join(cost=14498.3)(Nested Loop(cost=14493.4)(Merge Join(cost=7288.1)(Index Scan(cost=85896.2); Sort(cost=925.5)(Bitmap Heap Scan(cost=412.5)(Bitmap Index Scan(cost=142.3)))); Index Scan(cost=6.6)); Hash(cost=1.2)(Seq Scan(cost=1.2))))"",
    ""Sort(cost=134603.1)(Aggregate(cost=130885.1)(Gather(cost=126006.2)(Aggregate(cost=83187.4)(Hash Join(cost=79408.6)(Seq Scan(cost=27206.5); Hash(cost=45515.2)(Seq Scan(cost=45515.2)))))))"",
    ""Sort(cost=149815.5)(Aggregate(cost=146097.5)(Gather(cost=141218.6)(Aggregate(cost=98399.8)(Hash Join(cost=92870.8)(Seq Scan(cost=39047.3); Hash(cost=45515.2)(Seq Scan(cost=45515.2)))))))"",
    ""Sort(cost=25.8)(Aggregate(cost=25.8)(Sort(cost=25.8)(Nested Loop(cost=25.8)(Index Scan(cost=17.3); Index Scan(cost=8.4)))))""
  ]",8,0.206011457,0.206217469
job_0,"{'shared_buffers': 968216.0, 'work_mem': 206410.0, 'maintenance_work_mem': 1824908.0, 'effective_cache_size': 3118965.0, 'max_connections': 428.0, 'wal_buffers': 4216.0, 'checkpoint_completion_target': 0.7758398056030273, 'checkpoint_timeout': 313.0, 'effective_io_concurrency': 61.0, 'join_collapse_limit': 17.0, 'from_collapse_limit': 16.0, 'bgwriter_delay': 974.0, 'bgwriter_lru_multiplier': 4.308882713317871, 'default_statistics_target': 29.0, 'max_parallel_workers_per_gather': 1.0}","{'xact_commit': 38.0, 'xact_rollback': 0.0, 'blks_read': 929629.0, 'blks_hit': 41813.0, 'tup_returned': 113866630.0, 'tup_fetched': 200239.0, 'tup_inserted': 0.0, 'conflicts': 0.0, 'tup_updated': 0.0, 'tup_deleted': 0.0, 'disk_read_count': 951242.0, 'disk_write_count': 0.0, 'disk_read_bytes': 7792574464.0, 'disk_write_bytes': 0.0}","{
  ""size"": 10,
  ""read_ratio"": 0.9,
  ""group_by_ratio"": 0.9,
  ""order_by_ratio"": 0.9,
  ""avg_query_length"": 502.0,
  ""avg_joins"": 2.1,
  ""filter_ratio"": 0.8
}","[
    ""Sort(cost=493864.3)(Aggregate(cost=490146.2)(Gather(cost=482131.0)(Aggregate(cost=397493.4)(Hash Join(cost=378982.9)(Seq Scan(cost=313133.2); Hash(cost=45515.2)(Seq Scan(cost=45515.2)))))))"",
    ""Sort(cost=104997.7)(Aggregate(cost=101431.3)(Gather(cost=96735.4)(Aggregate(cost=55484.4)(Hash Join(cost=46846.0)(Seq Scan(cost=39047.3); Hash(cost=2290.7)(Seq Scan(cost=2290.7)))))))"",
    ""Sort(cost=2272521.0)(Aggregate(cost=2217635.8)(Gather Merge(cost=2121004.7)(Aggregate(cost=894518.6)(Sort(cost=860803.2)(Hash Join(cost=416220.2)(Seq Scan(cost=328235.0); Hash(cost=66083.3)(Seq Scan(cost=66083.3))))))))"",
    ""Sort(cost=35851.1)(Aggregate(cost=35797.7)(Gather Merge(cost=35725.1)(Aggregate(cost=34431.2)(Sort(cost=34405.7)(Nested Loop(cost=34336.9)(Bitmap Heap Scan(cost=18484.6)(Bitmap Index Scan(cost=100.9)); Index Scan(cost=7.0)))))))"",
    ""Gather(cost=15932.2)(Hash Join(cost=14498.3)(Nested Loop(cost=14493.4)(Merge Join(cost=7288.1)(Index Scan(cost=85896.2); Sort(cost=925.5)(Bitmap Heap Scan(cost=412.5)(Bitmap Index Scan(cost=142.3)))); Index Scan(cost=6.6)); Hash(cost=1.2)(Seq Scan(cost=1.2))))"",
    ""Sort(cost=134603.1)(Aggregate(cost=130885.1)(Gather(cost=126006.2)(Aggregate(cost=83187.4)(Hash Join(cost=79408.6)(Seq Scan(cost=27206.5); Hash(cost=45515.2)(Seq Scan(cost=45515.2)))))))"",
    ""Sort(cost=149815.5)(Aggregate(cost=146097.5)(Gather(cost=141218.6)(Aggregate(cost=98399.8)(Hash Join(cost=92870.8)(Seq Scan(cost=39047.3); Hash(cost=45515.2)(Seq Scan(cost=45515.2)))))))"",
    ""Sort(cost=25.8)(Aggregate(cost=25.8)(Sort(cost=25.8)(Nested Loop(cost=25.8)(Index Scan(cost=17.3); Index Scan(cost=8.4)))))""
  ]",8,0.389288445,0.389677733
job_0,"{'shared_buffers': 1370388.0, 'work_mem': 104719.0, 'maintenance_work_mem': 970704.0, 'effective_cache_size': 137404.0, 'max_connections': 302.0, 'wal_buffers': 829.0, 'checkpoint_completion_target': 0.6839084029197693, 'checkpoint_timeout': 879.0, 'effective_io_concurrency': 102.0, 'join_collapse_limit': 17.0, 'from_collapse_limit': 19.0, 'bgwriter_delay': 626.0, 'bgwriter_lru_multiplier': 6.774332046508789, 'default_statistics_target': 341.0, 'max_parallel_workers_per_gather': 2.0}","{'xact_commit': 38.0, 'xact_rollback': 0.0, 'blks_read': 929629.0, 'blks_hit': 41813.0, 'tup_returned': 113866630.0, 'tup_fetched': 200239.0, 'tup_inserted': 0.0, 'conflicts': 0.0, 'tup_updated': 0.0, 'tup_deleted': 0.0, 'disk_read_count': 951242.0, 'disk_write_count': 0.0, 'disk_read_bytes': 7792574464.0, 'disk_write_bytes': 0.0}","{
  ""size"": 10,
  ""read_ratio"": 0.9,
  ""group_by_ratio"": 0.9,
  ""order_by_ratio"": 0.9,
  ""avg_query_length"": 502.0,
  ""avg_joins"": 2.1,
  ""filter_ratio"": 0.8
}","[
    ""Sort(cost=493864.3)(Aggregate(cost=490146.2)(Gather(cost=482131.0)(Aggregate(cost=397493.4)(Hash Join(cost=378982.9)(Seq Scan(cost=313133.2); Hash(cost=45515.2)(Seq Scan(cost=45515.2)))))))"",
    ""Sort(cost=104997.7)(Aggregate(cost=101431.3)(Gather(cost=96735.4)(Aggregate(cost=55484.4)(Hash Join(cost=46846.0)(Seq Scan(cost=39047.3); Hash(cost=2290.7)(Seq Scan(cost=2290.7)))))))"",
    ""Sort(cost=2272521.0)(Aggregate(cost=2217635.8)(Gather Merge(cost=2121004.7)(Aggregate(cost=894518.6)(Sort(cost=860803.2)(Hash Join(cost=416220.2)(Seq Scan(cost=328235.0); Hash(cost=66083.3)(Seq Scan(cost=66083.3))))))))"",
    ""Sort(cost=35851.1)(Aggregate(cost=35797.7)(Gather Merge(cost=35725.1)(Aggregate(cost=34431.2)(Sort(cost=34405.7)(Nested Loop(cost=34336.9)(Bitmap Heap Scan(cost=18484.6)(Bitmap Index Scan(cost=100.9)); Index Scan(cost=7.0)))))))"",
    ""Gather(cost=15932.2)(Hash Join(cost=14498.3)(Nested Loop(cost=14493.4)(Merge Join(cost=7288.1)(Index Scan(cost=85896.2); Sort(cost=925.5)(Bitmap Heap Scan(cost=412.5)(Bitmap Index Scan(cost=142.3)))); Index Scan(cost=6.6)); Hash(cost=1.2)(Seq Scan(cost=1.2))))"",
    ""Sort(cost=134603.1)(Aggregate(cost=130885.1)(Gather(cost=126006.2)(Aggregate(cost=83187.4)(Hash Join(cost=79408.6)(Seq Scan(cost=27206.5); Hash(cost=45515.2)(Seq Scan(cost=45515.2)))))))"",
    ""Sort(cost=149815.5)(Aggregate(cost=146097.5)(Gather(cost=141218.6)(Aggregate(cost=98399.8)(Hash Join(cost=92870.8)(Seq Scan(cost=39047.3); Hash(cost=45515.2)(Seq Scan(cost=45515.2)))))))"",
    ""Sort(cost=25.8)(Aggregate(cost=25.8)(Sort(cost=25.8)(Nested Loop(cost=25.8)(Index Scan(cost=17.3); Index Scan(cost=8.4)))))""
  ]",8,0.441695794,0.44213749
job_0,"{'shared_buffers': 636549.0, 'work_mem': 178103.0, 'maintenance_work_mem': 1213651.0, 'effective_cache_size': 2938242.0, 'max_connections': 184.0, 'wal_buffers': 5612.0, 'checkpoint_completion_target': 0.8648440837860107, 'checkpoint_timeout': 1742.0, 'effective_io_concurrency': 220.0, 'join_collapse_limit': 14.0, 'from_collapse_limit': 14.0, 'bgwriter_delay': 107.0, 'bgwriter_lru_multiplier': 0.34232068061828613, 'default_statistics_target': 174.0, 'max_parallel_workers_per_gather': 6.0}","{'xact_commit': 38.0, 'xact_rollback': 0.0, 'blks_read': 929629.0, 'blks_hit': 41813.0, 'tup_returned': 113866630.0, 'tup_fetched': 200239.0, 'tup_inserted': 0.0, 'conflicts': 0.0, 'tup_updated': 0.0, 'tup_deleted': 0.0, 'disk_read_count': 951242.0, 'disk_write_count': 0.0, 'disk_read_bytes': 7792574464.0, 'disk_write_bytes': 0.0}","{
  ""size"": 10,
  ""read_ratio"": 0.9,
  ""group_by_ratio"": 0.9,
  ""order_by_ratio"": 0.9,
  ""avg_query_length"": 502.0,
  ""avg_joins"": 2.1,
  ""filter_ratio"": 0.8
}","[
    ""Sort(cost=493864.3)(Aggregate(cost=490146.2)(Gather(cost=482131.0)(Aggregate(cost=397493.4)(Hash Join(cost=378982.9)(Seq Scan(cost=313133.2); Hash(cost=45515.2)(Seq Scan(cost=45515.2)))))))"",
    ""Sort(cost=104997.7)(Aggregate(cost=101431.3)(Gather(cost=96735.4)(Aggregate(cost=55484.4)(Hash Join(cost=46846.0)(Seq Scan(cost=39047.3); Hash(cost=2290.7)(Seq Scan(cost=2290.7)))))))"",
    ""Sort(cost=2272521.0)(Aggregate(cost=2217635.8)(Gather Merge(cost=2121004.7)(Aggregate(cost=894518.6)(Sort(cost=860803.2)(Hash Join(cost=416220.2)(Seq Scan(cost=328235.0); Hash(cost=66083.3)(Seq Scan(cost=66083.3))))))))"",
    ""Sort(cost=35851.1)(Aggregate(cost=35797.7)(Gather Merge(cost=35725.1)(Aggregate(cost=34431.2)(Sort(cost=34405.7)(Nested Loop(cost=34336.9)(Bitmap Heap Scan(cost=18484.6)(Bitmap Index Scan(cost=100.9)); Index Scan(cost=7.0)))))))"",
    ""Gather(cost=15932.2)(Hash Join(cost=14498.3)(Nested Loop(cost=14493.4)(Merge Join(cost=7288.1)(Index Scan(cost=85896.2); Sort(cost=925.5)(Bitmap Heap Scan(cost=412.5)(Bitmap Index Scan(cost=142.3)))); Index Scan(cost=6.6)); Hash(cost=1.2)(Seq Scan(cost=1.2))))"",
    ""Sort(cost=134603.1)(Aggregate(cost=130885.1)(Gather(cost=126006.2)(Aggregate(cost=83187.4)(Hash Join(cost=79408.6)(Seq Scan(cost=27206.5); Hash(cost=45515.2)(Seq Scan(cost=45515.2)))))))"",
    ""Sort(cost=149815.5)(Aggregate(cost=146097.5)(Gather(cost=141218.6)(Aggregate(cost=98399.8)(Hash Join(cost=92870.8)(Seq Scan(cost=39047.3); Hash(cost=45515.2)(Seq Scan(cost=45515.2)))))))"",
    ""Sort(cost=25.8)(Aggregate(cost=25.8)(Sort(cost=25.8)(Nested Loop(cost=25.8)(Index Scan(cost=17.3); Index Scan(cost=8.4)))))""
  ]",8,0.368108224,0.368476332
job_0,"{'shared_buffers': 728515.0, 'work_mem': 45874.0, 'maintenance_work_mem': 880981.0, 'effective_cache_size': 3318878.0, 'max_connections': 352.0, 'wal_buffers': 4340.0, 'checkpoint_completion_target': 0.5862441658973694, 'checkpoint_timeout': 1081.0, 'effective_io_concurrency': 243.0, 'join_collapse_limit': 14.0, 'from_collapse_limit': 13.0, 'bgwriter_delay': 188.0, 'bgwriter_lru_multiplier': 4.504746913909912, 'default_statistics_target': 372.0, 'max_parallel_workers_per_gather': 1.0}","{'xact_commit': 38.0, 'xact_rollback': 0.0, 'blks_read': 929629.0, 'blks_hit': 41813.0, 'tup_returned': 113866630.0, 'tup_fetched': 200239.0, 'tup_inserted': 0.0, 'conflicts': 0.0, 'tup_updated': 0.0, 'tup_deleted': 0.0, 'disk_read_count': 951242.0, 'disk_write_count': 0.0, 'disk_read_bytes': 7792574464.0, 'disk_write_bytes': 0.0}","{
  ""size"": 10,
  ""read_ratio"": 0.9,
  ""group_by_ratio"": 0.9,
  ""order_by_ratio"": 0.9,
  ""avg_query_length"": 502.0,
  ""avg_joins"": 2.1,
  ""filter_ratio"": 0.8
}","[
    ""Sort(cost=493864.3)(Aggregate(cost=490146.2)(Gather(cost=482131.0)(Aggregate(cost=397493.4)(Hash Join(cost=378982.9)(Seq Scan(cost=313133.2); Hash(cost=45515.2)(Seq Scan(cost=45515.2)))))))"",
    ""Sort(cost=104997.7)(Aggregate(cost=101431.3)(Gather(cost=96735.4)(Aggregate(cost=55484.4)(Hash Join(cost=46846.0)(Seq Scan(cost=39047.3); Hash(cost=2290.7)(Seq Scan(cost=2290.7)))))))"",
    ""Sort(cost=2272521.0)(Aggregate(cost=2217635.8)(Gather Merge(cost=2121004.7)(Aggregate(cost=894518.6)(Sort(cost=860803.2)(Hash Join(cost=416220.2)(Seq Scan(cost=328235.0); Hash(cost=66083.3)(Seq Scan(cost=66083.3))))))))"",
    ""Sort(cost=35851.1)(Aggregate(cost=35797.7)(Gather Merge(cost=35725.1)(Aggregate(cost=34431.2)(Sort(cost=34405.7)(Nested Loop(cost=34336.9)(Bitmap Heap Scan(cost=18484.6)(Bitmap Index Scan(cost=100.9)); Index Scan(cost=7.0)))))))"",
    ""Gather(cost=15932.2)(Hash Join(cost=14498.3)(Nested Loop(cost=14493.4)(Merge Join(cost=7288.1)(Index Scan(cost=85896.2); Sort(cost=925.5)(Bitmap Heap Scan(cost=412.5)(Bitmap Index Scan(cost=142.3)))); Index Scan(cost=6.6)); Hash(cost=1.2)(Seq Scan(cost=1.2))))"",
    ""Sort(cost=134603.1)(Aggregate(cost=130885.1)(Gather(cost=126006.2)(Aggregate(cost=83187.4)(Hash Join(cost=79408.6)(Seq Scan(cost=27206.5); Hash(cost=45515.2)(Seq Scan(cost=45515.2)))))))"",
    ""Sort(cost=149815.5)(Aggregate(cost=146097.5)(Gather(cost=141218.6)(Aggregate(cost=98399.8)(Hash Join(cost=92870.8)(Seq Scan(cost=39047.3); Hash(cost=45515.2)(Seq Scan(cost=45515.2)))))))"",
    ""Sort(cost=25.8)(Aggregate(cost=25.8)(Sort(cost=25.8)(Nested Loop(cost=25.8)(Index Scan(cost=17.3); Index Scan(cost=8.4)))))""
  ]",8,0.342762789,0.343105551
job_0,"{'shared_buffers': 1266273.0, 'work_mem': 241778.0, 'maintenance_work_mem': 1116238.0, 'effective_cache_size': 1731901.0, 'max_connections': 234.0, 'wal_buffers': 2147.0, 'checkpoint_completion_target': 0.7671981453895569, 'checkpoint_timeout': 404.0, 'effective_io_concurrency': 41.0, 'join_collapse_limit': 11.0, 'from_collapse_limit': 20.0, 'bgwriter_delay': 674.0, 'bgwriter_lru_multiplier': 8.398037910461426, 'default_statistics_target': 143.0, 'max_parallel_workers_per_gather': 7.0}","{'xact_commit': 38.0, 'xact_rollback': 0.0, 'blks_read': 929629.0, 'blks_hit': 41813.0, 'tup_returned': 113866630.0, 'tup_fetched': 200239.0, 'tup_inserted': 0.0, 'conflicts': 0.0, 'tup_updated': 0.0, 'tup_deleted': 0.0, 'disk_read_count': 951242.0, 'disk_write_count': 0.0, 'disk_read_bytes': 7792574464.0, 'disk_write_bytes': 0.0}","{
  ""size"": 10,
  ""read_ratio"": 0.9,
  ""group_by_ratio"": 0.9,
  ""order_by_ratio"": 0.9,
  ""avg_query_length"": 502.0,
  ""avg_joins"": 2.1,
  ""filter_ratio"": 0.8
}","[
    ""Sort(cost=493864.3)(Aggregate(cost=490146.2)(Gather(cost=482131.0)(Aggregate(cost=397493.4)(Hash Join(cost=378982.9)(Seq Scan(cost=313133.2); Hash(cost=45515.2)(Seq Scan(cost=45515.2)))))))"",
    ""Sort(cost=104997.7)(Aggregate(cost=101431.3)(Gather(cost=96735.4)(Aggregate(cost=55484.4)(Hash Join(cost=46846.0)(Seq Scan(cost=39047.3); Hash(cost=2290.7)(Seq Scan(cost=2290.7)))))))"",
    ""Sort(cost=2272521.0)(Aggregate(cost=2217635.8)(Gather Merge(cost=2121004.7)(Aggregate(cost=894518.6)(Sort(cost=860803.2)(Hash Join(cost=416220.2)(Seq Scan(cost=328235.0); Hash(cost=66083.3)(Seq Scan(cost=66083.3))))))))"",
    ""Sort(cost=35851.1)(Aggregate(cost=35797.7)(Gather Merge(cost=35725.1)(Aggregate(cost=34431.2)(Sort(cost=34405.7)(Nested Loop(cost=34336.9)(Bitmap Heap Scan(cost=18484.6)(Bitmap Index Scan(cost=100.9)); Index Scan(cost=7.0)))))))"",
    ""Gather(cost=15932.2)(Hash Join(cost=14498.3)(Nested Loop(cost=14493.4)(Merge Join(cost=7288.1)(Index Scan(cost=85896.2); Sort(cost=925.5)(Bitmap Heap Scan(cost=412.5)(Bitmap Index Scan(cost=142.3)))); Index Scan(cost=6.6)); Hash(cost=1.2)(Seq Scan(cost=1.2))))"",
    ""Sort(cost=134603.1)(Aggregate(cost=130885.1)(Gather(cost=126006.2)(Aggregate(cost=83187.4)(Hash Join(cost=79408.6)(Seq Scan(cost=27206.5); Hash(cost=45515.2)(Seq Scan(cost=45515.2)))))))"",
    ""Sort(cost=149815.5)(Aggregate(cost=146097.5)(Gather(cost=141218.6)(Aggregate(cost=98399.8)(Hash Join(cost=92870.8)(Seq Scan(cost=39047.3); Hash(cost=45515.2)(Seq Scan(cost=45515.2)))))))"",
    ""Sort(cost=25.8)(Aggregate(cost=25.8)(Sort(cost=25.8)(Nested Loop(cost=25.8)(Index Scan(cost=17.3); Index Scan(cost=8.4)))))""
  ]",8,0.36119006,0.36155125
job_0,"{'shared_buffers': 889943.0, 'work_mem': 127011.0, 'maintenance_work_mem': 413563.0, 'effective_cache_size': 2544231.0, 'max_connections': 137.0, 'wal_buffers': 2759.0, 'checkpoint_completion_target': 0.6722391843795776, 'checkpoint_timeout': 963.0, 'effective_io_concurrency': 84.0, 'join_collapse_limit': 11.0, 'from_collapse_limit': 16.0, 'bgwriter_delay': 806.0, 'bgwriter_lru_multiplier': 0.8544259071350098, 'default_statistics_target': 441.0, 'max_parallel_workers_per_gather': 4.0}","{'xact_commit': 38.0, 'xact_rollback': 0.0, 'blks_read': 929629.0, 'blks_hit': 41813.0, 'tup_returned': 113866630.0, 'tup_fetched': 200239.0, 'tup_inserted': 0.0, 'conflicts': 0.0, 'tup_updated': 0.0, 'tup_deleted': 0.0, 'disk_read_count': 951242.0, 'disk_write_count': 0.0, 'disk_read_bytes': 7792574464.0, 'disk_write_bytes': 0.0}","{
  ""size"": 10,
  ""read_ratio"": 0.9,
  ""group_by_ratio"": 0.9,
  ""order_by_ratio"": 0.9,
  ""avg_query_length"": 502.0,
  ""avg_joins"": 2.1,
  ""filter_ratio"": 0.8
}","[
    ""Sort(cost=493864.3)(Aggregate(cost=490146.2)(Gather(cost=482131.0)(Aggregate(cost=397493.4)(Hash Join(cost=378982.9)(Seq Scan(cost=313133.2); Hash(cost=45515.2)(Seq Scan(cost=45515.2)))))))"",
    ""Sort(cost=104997.7)(Aggregate(cost=101431.3)(Gather(cost=96735.4)(Aggregate(cost=55484.4)(Hash Join(cost=46846.0)(Seq Scan(cost=39047.3); Hash(cost=2290.7)(Seq Scan(cost=2290.7)))))))"",
    ""Sort(cost=2272521.0)(Aggregate(cost=2217635.8)(Gather Merge(cost=2121004.7)(Aggregate(cost=894518.6)(Sort(cost=860803.2)(Hash Join(cost=416220.2)(Seq Scan(cost=328235.0); Hash(cost=66083.3)(Seq Scan(cost=66083.3))))))))"",
    ""Sort(cost=35851.1)(Aggregate(cost=35797.7)(Gather Merge(cost=35725.1)(Aggregate(cost=34431.2)(Sort(cost=34405.7)(Nested Loop(cost=34336.9)(Bitmap Heap Scan(cost=18484.6)(Bitmap Index Scan(cost=100.9)); Index Scan(cost=7.0)))))))"",
    ""Gather(cost=15932.2)(Hash Join(cost=14498.3)(Nested Loop(cost=14493.4)(Merge Join(cost=7288.1)(Index Scan(cost=85896.2); Sort(cost=925.5)(Bitmap Heap Scan(cost=412.5)(Bitmap Index Scan(cost=142.3)))); Index Scan(cost=6.6)); Hash(cost=1.2)(Seq Scan(cost=1.2))))"",
    ""Sort(cost=134603.1)(Aggregate(cost=130885.1)(Gather(cost=126006.2)(Aggregate(cost=83187.4)(Hash Join(cost=79408.6)(Seq Scan(cost=27206.5); Hash(cost=45515.2)(Seq Scan(cost=45515.2)))))))"",
    ""Sort(cost=149815.5)(Aggregate(cost=146097.5)(Gather(cost=141218.6)(Aggregate(cost=98399.8)(Hash Join(cost=92870.8)(Seq Scan(cost=39047.3); Hash(cost=45515.2)(Seq Scan(cost=45515.2)))))))"",
    ""Sort(cost=25.8)(Aggregate(cost=25.8)(Sort(cost=25.8)(Nested Loop(cost=25.8)(Index Scan(cost=17.3); Index Scan(cost=8.4)))))""
  ]",8,0.575310411,0.575885721
job_0,"{'shared_buffers': 351543.0, 'work_mem': 146274.0, 'maintenance_work_mem': 1664629.0, 'effective_cache_size': 604607.0, 'max_connections': 476.0, 'wal_buffers': 7635.0, 'checkpoint_completion_target': 0.8781747817993164, 'checkpoint_timeout': 1647.0, 'effective_io_concurrency': 201.0, 'join_collapse_limit': 20.0, 'from_collapse_limit': 11.0, 'bgwriter_delay': 302.0, 'bgwriter_lru_multiplier': 6.892202377319336, 'default_statistics_target': 59.0, 'max_parallel_workers_per_gather': 4.0}","{'xact_commit': 38.0, 'xact_rollback': 0.0, 'blks_read': 929629.0, 'blks_hit': 41813.0, 'tup_returned': 113866630.0, 'tup_fetched': 200239.0, 'tup_inserted': 0.0, 'conflicts': 0.0, 'tup_updated': 0.0, 'tup_deleted': 0.0, 'disk_read_count': 951242.0, 'disk_write_count': 0.0, 'disk_read_bytes': 7792574464.0, 'disk_write_bytes': 0.0}","{
  ""size"": 10,
  ""read_ratio"": 0.9,
  ""group_by_ratio"": 0.9,
  ""order_by_ratio"": 0.9,
  ""avg_query_length"": 502.0,
  ""avg_joins"": 2.1,
  ""filter_ratio"": 0.8
}","[
    ""Sort(cost=493864.3)(Aggregate(cost=490146.2)(Gather(cost=482131.0)(Aggregate(cost=397493.4)(Hash Join(cost=378982.9)(Seq Scan(cost=313133.2); Hash(cost=45515.2)(Seq Scan(cost=45515.2)))))))"",
    ""Sort(cost=104997.7)(Aggregate(cost=101431.3)(Gather(cost=96735.4)(Aggregate(cost=55484.4)(Hash Join(cost=46846.0)(Seq Scan(cost=39047.3); Hash(cost=2290.7)(Seq Scan(cost=2290.7)))))))"",
    ""Sort(cost=2272521.0)(Aggregate(cost=2217635.8)(Gather Merge(cost=2121004.7)(Aggregate(cost=894518.6)(Sort(cost=860803.2)(Hash Join(cost=416220.2)(Seq Scan(cost=328235.0); Hash(cost=66083.3)(Seq Scan(cost=66083.3))))))))"",
    ""Sort(cost=35851.1)(Aggregate(cost=35797.7)(Gather Merge(cost=35725.1)(Aggregate(cost=34431.2)(Sort(cost=34405.7)(Nested Loop(cost=34336.9)(Bitmap Heap Scan(cost=18484.6)(Bitmap Index Scan(cost=100.9)); Index Scan(cost=7.0)))))))"",
    ""Gather(cost=15932.2)(Hash Join(cost=14498.3)(Nested Loop(cost=14493.4)(Merge Join(cost=7288.1)(Index Scan(cost=85896.2); Sort(cost=925.5)(Bitmap Heap Scan(cost=412.5)(Bitmap Index Scan(cost=142.3)))); Index Scan(cost=6.6)); Hash(cost=1.2)(Seq Scan(cost=1.2))))"",
    ""Sort(cost=134603.1)(Aggregate(cost=130885.1)(Gather(cost=126006.2)(Aggregate(cost=83187.4)(Hash Join(cost=79408.6)(Seq Scan(cost=27206.5); Hash(cost=45515.2)(Seq Scan(cost=45515.2)))))))"",
    ""Sort(cost=149815.5)(Aggregate(cost=146097.5)(Gather(cost=141218.6)(Aggregate(cost=98399.8)(Hash Join(cost=92870.8)(Seq Scan(cost=39047.3); Hash(cost=45515.2)(Seq Scan(cost=45515.2)))))))"",
    ""Sort(cost=25.8)(Aggregate(cost=25.8)(Sort(cost=25.8)(Nested Loop(cost=25.8)(Index Scan(cost=17.3); Index Scan(cost=8.4)))))""
  ]",8,0.320242132,0.320562374
job_0,"{'shared_buffers': 126245.0, 'work_mem': 88402.0, 'maintenance_work_mem': 1434593.0, 'effective_cache_size': 776042.0, 'max_connections': 408.0, 'wal_buffers': 6050.0, 'checkpoint_completion_target': 0.6433340311050415, 'checkpoint_timeout': 740.0, 'effective_io_concurrency': 145.0, 'join_collapse_limit': 13.0, 'from_collapse_limit': 15.0, 'bgwriter_delay': 410.0, 'bgwriter_lru_multiplier': 2.2173783779144287, 'default_statistics_target': 252.0, 'max_parallel_workers_per_gather': 3.0}","{'xact_commit': 38.0, 'xact_rollback': 0.0, 'blks_read': 929629.0, 'blks_hit': 41813.0, 'tup_returned': 113866630.0, 'tup_fetched': 200239.0, 'tup_inserted': 0.0, 'conflicts': 0.0, 'tup_updated': 0.0, 'tup_deleted': 0.0, 'disk_read_count': 951242.0, 'disk_write_count': 0.0, 'disk_read_bytes': 7792574464.0, 'disk_write_bytes': 0.0}","{
  ""size"": 10,
  ""read_ratio"": 0.9,
  ""group_by_ratio"": 0.9,
  ""order_by_ratio"": 0.9,
  ""avg_query_length"": 502.0,
  ""avg_joins"": 2.1,
  ""filter_ratio"": 0.8
}","[
    ""Sort(cost=493864.3)(Aggregate(cost=490146.2)(Gather(cost=482131.0)(Aggregate(cost=397493.4)(Hash Join(cost=378982.9)(Seq Scan(cost=313133.2); Hash(cost=45515.2)(Seq Scan(cost=45515.2)))))))"",
    ""Sort(cost=104997.7)(Aggregate(cost=101431.3)(Gather(cost=96735.4)(Aggregate(cost=55484.4)(Hash Join(cost=46846.0)(Seq Scan(cost=39047.3); Hash(cost=2290.7)(Seq Scan(cost=2290.7)))))))"",
    ""Sort(cost=2272521.0)(Aggregate(cost=2217635.8)(Gather Merge(cost=2121004.7)(Aggregate(cost=894518.6)(Sort(cost=860803.2)(Hash Join(cost=416220.2)(Seq Scan(cost=328235.0); Hash(cost=66083.3)(Seq Scan(cost=66083.3))))))))"",
    ""Sort(cost=35851.1)(Aggregate(cost=35797.7)(Gather Merge(cost=35725.1)(Aggregate(cost=34431.2)(Sort(cost=34405.7)(Nested Loop(cost=34336.9)(Bitmap Heap Scan(cost=18484.6)(Bitmap Index Scan(cost=100.9)); Index Scan(cost=7.0)))))))"",
    ""Gather(cost=15932.2)(Hash Join(cost=14498.3)(Nested Loop(cost=14493.4)(Merge Join(cost=7288.1)(Index Scan(cost=85896.2); Sort(cost=925.5)(Bitmap Heap Scan(cost=412.5)(Bitmap Index Scan(cost=142.3)))); Index Scan(cost=6.6)); Hash(cost=1.2)(Seq Scan(cost=1.2))))"",
    ""Sort(cost=134603.1)(Aggregate(cost=130885.1)(Gather(cost=126006.2)(Aggregate(cost=83187.4)(Hash Join(cost=79408.6)(Seq Scan(cost=27206.5); Hash(cost=45515.2)(Seq Scan(cost=45515.2)))))))"",
    ""Sort(cost=149815.5)(Aggregate(cost=146097.5)(Gather(cost=141218.6)(Aggregate(cost=98399.8)(Hash Join(cost=92870.8)(Seq Scan(cost=39047.3); Hash(cost=45515.2)(Seq Scan(cost=45515.2)))))))"",
    ""Sort(cost=25.8)(Aggregate(cost=25.8)(Sort(cost=25.8)(Nested Loop(cost=25.8)(Index Scan(cost=17.3); Index Scan(cost=8.4)))))""
  ]",8,0.58727719,0.587864467
job_0,"{'shared_buffers': 96217.0, 'work_mem': 101906.0, 'maintenance_work_mem': 1277438.0, 'effective_cache_size': 1304407.0, 'max_connections': 440.0, 'wal_buffers': 5998.0, 'checkpoint_completion_target': 0.6887557589339734, 'checkpoint_timeout': 765.0, 'effective_io_concurrency': 146.0, 'join_collapse_limit': 13.0, 'from_collapse_limit': 15.0, 'bgwriter_delay': 405.0, 'bgwriter_lru_multiplier': 1.8589977984282882, 'default_statistics_target': 300.0, 'max_parallel_workers_per_gather': 3.0}","{'xact_commit': 38.0, 'xact_rollback': 0.0, 'blks_read': 929629.0, 'blks_hit': 41813.0, 'tup_returned': 113866630.0, 'tup_fetched': 200239.0, 'tup_inserted': 0.0, 'conflicts': 0.0, 'tup_updated': 0.0, 'tup_deleted': 0.0, 'disk_read_count': 951242.0, 'disk_write_count': 0.0, 'disk_read_bytes': 7792574464.0, 'disk_write_bytes': 0.0}","{
  ""size"": 10,
  ""read_ratio"": 0.9,
  ""group_by_ratio"": 0.9,
  ""order_by_ratio"": 0.9,
  ""avg_query_length"": 502.0,
  ""avg_joins"": 2.1,
  ""filter_ratio"": 0.8
}","[
    ""Sort(cost=493864.3)(Aggregate(cost=490146.2)(Gather(cost=482131.0)(Aggregate(cost=397493.4)(Hash Join(cost=378982.9)(Seq Scan(cost=313133.2); Hash(cost=45515.2)(Seq Scan(cost=45515.2)))))))"",
    ""Sort(cost=104997.7)(Aggregate(cost=101431.3)(Gather(cost=96735.4)(Aggregate(cost=55484.4)(Hash Join(cost=46846.0)(Seq Scan(cost=39047.3); Hash(cost=2290.7)(Seq Scan(cost=2290.7)))))))"",
    ""Sort(cost=2272521.0)(Aggregate(cost=2217635.8)(Gather Merge(cost=2121004.7)(Aggregate(cost=894518.6)(Sort(cost=860803.2)(Hash Join(cost=416220.2)(Seq Scan(cost=328235.0); Hash(cost=66083.3)(Seq Scan(cost=66083.3))))))))"",
    ""Sort(cost=35851.1)(Aggregate(cost=35797.7)(Gather Merge(cost=35725.1)(Aggregate(cost=34431.2)(Sort(cost=34405.7)(Nested Loop(cost=34336.9)(Bitmap Heap Scan(cost=18484.6)(Bitmap Index Scan(cost=100.9)); Index Scan(cost=7.0)))))))"",
    ""Gather(cost=15932.2)(Hash Join(cost=14498.3)(Nested Loop(cost=14493.4)(Merge Join(cost=7288.1)(Index Scan(cost=85896.2); Sort(cost=925.5)(Bitmap Heap Scan(cost=412.5)(Bitmap Index Scan(cost=142.3)))); Index Scan(cost=6.6)); Hash(cost=1.2)(Seq Scan(cost=1.2))))"",
    ""Sort(cost=134603.1)(Aggregate(cost=130885.1)(Gather(cost=126006.2)(Aggregate(cost=83187.4)(Hash Join(cost=79408.6)(Seq Scan(cost=27206.5); Hash(cost=45515.2)(Seq Scan(cost=45515.2)))))))"",
    ""Sort(cost=149815.5)(Aggregate(cost=146097.5)(Gather(cost=141218.6)(Aggregate(cost=98399.8)(Hash Join(cost=92870.8)(Seq Scan(cost=39047.3); Hash(cost=45515.2)(Seq Scan(cost=45515.2)))))))"",
    ""Sort(cost=25.8)(Aggregate(cost=25.8)(Sort(cost=25.8)(Nested Loop(cost=25.8)(Index Scan(cost=17.3); Index Scan(cost=8.4)))))""
  ]",8,0.383829892,0.384213722
job_0,"{'shared_buffers': 158716.0, 'work_mem': 87967.0, 'maintenance_work_mem': 1494264.0, 'effective_cache_size': 776042.0, 'max_connections': 499.0, 'wal_buffers': 6652.0, 'checkpoint_completion_target': 0.653705824418999, 'checkpoint_timeout': 740.0, 'effective_io_concurrency': 140.0, 'join_collapse_limit': 13.0, 'from_collapse_limit': 15.0, 'bgwriter_delay': 31.0, 'bgwriter_lru_multiplier': 1.9853147956655768, 'default_statistics_target': 255.0, 'max_parallel_workers_per_gather': 3.0}","{'xact_commit': 38.0, 'xact_rollback': 0.0, 'blks_read': 929629.0, 'blks_hit': 41813.0, 'tup_returned': 113866630.0, 'tup_fetched': 200239.0, 'tup_inserted': 0.0, 'conflicts': 0.0, 'tup_updated': 0.0, 'tup_deleted': 0.0, 'disk_read_count': 951242.0, 'disk_write_count': 0.0, 'disk_read_bytes': 7792574464.0, 'disk_write_bytes': 0.0}","{
  ""size"": 10,
  ""read_ratio"": 0.9,
  ""group_by_ratio"": 0.9,
  ""order_by_ratio"": 0.9,
  ""avg_query_length"": 502.0,
  ""avg_joins"": 2.1,
  ""filter_ratio"": 0.8
}","[
    ""Sort(cost=493864.3)(Aggregate(cost=490146.2)(Gather(cost=482131.0)(Aggregate(cost=397493.4)(Hash Join(cost=378982.9)(Seq Scan(cost=313133.2); Hash(cost=45515.2)(Seq Scan(cost=45515.2)))))))"",
    ""Sort(cost=104997.7)(Aggregate(cost=101431.3)(Gather(cost=96735.4)(Aggregate(cost=55484.4)(Hash Join(cost=46846.0)(Seq Scan(cost=39047.3); Hash(cost=2290.7)(Seq Scan(cost=2290.7)))))))"",
    ""Sort(cost=2272521.0)(Aggregate(cost=2217635.8)(Gather Merge(cost=2121004.7)(Aggregate(cost=894518.6)(Sort(cost=860803.2)(Hash Join(cost=416220.2)(Seq Scan(cost=328235.0); Hash(cost=66083.3)(Seq Scan(cost=66083.3))))))))"",
    ""Sort(cost=35851.1)(Aggregate(cost=35797.7)(Gather Merge(cost=35725.1)(Aggregate(cost=34431.2)(Sort(cost=34405.7)(Nested Loop(cost=34336.9)(Bitmap Heap Scan(cost=18484.6)(Bitmap Index Scan(cost=100.9)); Index Scan(cost=7.0)))))))"",
    ""Gather(cost=15932.2)(Hash Join(cost=14498.3)(Nested Loop(cost=14493.4)(Merge Join(cost=7288.1)(Index Scan(cost=85896.2); Sort(cost=925.5)(Bitmap Heap Scan(cost=412.5)(Bitmap Index Scan(cost=142.3)))); Index Scan(cost=6.6)); Hash(cost=1.2)(Seq Scan(cost=1.2))))"",
    ""Sort(cost=134603.1)(Aggregate(cost=130885.1)(Gather(cost=126006.2)(Aggregate(cost=83187.4)(Hash Join(cost=79408.6)(Seq Scan(cost=27206.5); Hash(cost=45515.2)(Seq Scan(cost=45515.2)))))))"",
    ""Sort(cost=149815.5)(Aggregate(cost=146097.5)(Gather(cost=141218.6)(Aggregate(cost=98399.8)(Hash Join(cost=92870.8)(Seq Scan(cost=39047.3); Hash(cost=45515.2)(Seq Scan(cost=45515.2)))))))"",
    ""Sort(cost=25.8)(Aggregate(cost=25.8)(Sort(cost=25.8)(Nested Loop(cost=25.8)(Index Scan(cost=17.3); Index Scan(cost=8.4)))))""
  ]",8,0.583955972,0.584539928
job_0,"{'shared_buffers': 153641.0, 'work_mem': 88455.0, 'maintenance_work_mem': 1456527.0, 'effective_cache_size': 713693.0, 'max_connections': 408.0, 'wal_buffers': 7482.0, 'checkpoint_completion_target': 0.6475143185197927, 'checkpoint_timeout': 646.0, 'effective_io_concurrency': 150.0, 'join_collapse_limit': 13.0, 'from_collapse_limit': 15.0, 'bgwriter_delay': 188.0, 'bgwriter_lru_multiplier': 2.64414998087209, 'default_statistics_target': 252.0, 'max_parallel_workers_per_gather': 3.0}","{'xact_commit': 38.0, 'xact_rollback': 0.0, 'blks_read': 929629.0, 'blks_hit': 41813.0, 'tup_returned': 113866630.0, 'tup_fetched': 200239.0, 'tup_inserted': 0.0, 'conflicts': 0.0, 'tup_updated': 0.0, 'tup_deleted': 0.0, 'disk_read_count': 951242.0, 'disk_write_count': 0.0, 'disk_read_bytes': 7792574464.0, 'disk_write_bytes': 0.0}","{
  ""size"": 10,
  ""read_ratio"": 0.9,
  ""group_by_ratio"": 0.9,
  ""order_by_ratio"": 0.9,
  ""avg_query_length"": 502.0,
  ""avg_joins"": 2.1,
  ""filter_ratio"": 0.8
}","[
    ""Sort(cost=493864.3)(Aggregate(cost=490146.2)(Gather(cost=482131.0)(Aggregate(cost=397493.4)(Hash Join(cost=378982.9)(Seq Scan(cost=313133.2); Hash(cost=45515.2)(Seq Scan(cost=45515.2)))))))"",
    ""Sort(cost=104997.7)(Aggregate(cost=101431.3)(Gather(cost=96735.4)(Aggregate(cost=55484.4)(Hash Join(cost=46846.0)(Seq Scan(cost=39047.3); Hash(cost=2290.7)(Seq Scan(cost=2290.7)))))))"",
    ""Sort(cost=2272521.0)(Aggregate(cost=2217635.8)(Gather Merge(cost=2121004.7)(Aggregate(cost=894518.6)(Sort(cost=860803.2)(Hash Join(cost=416220.2)(Seq Scan(cost=328235.0); Hash(cost=66083.3)(Seq Scan(cost=66083.3))))))))"",
    ""Sort(cost=35851.1)(Aggregate(cost=35797.7)(Gather Merge(cost=35725.1)(Aggregate(cost=34431.2)(Sort(cost=34405.7)(Nested Loop(cost=34336.9)(Bitmap Heap Scan(cost=18484.6)(Bitmap Index Scan(cost=100.9)); Index Scan(cost=7.0)))))))"",
    ""Gather(cost=15932.2)(Hash Join(cost=14498.3)(Nested Loop(cost=14493.4)(Merge Join(cost=7288.1)(Index Scan(cost=85896.2); Sort(cost=925.5)(Bitmap Heap Scan(cost=412.5)(Bitmap Index Scan(cost=142.3)))); Index Scan(cost=6.6)); Hash(cost=1.2)(Seq Scan(cost=1.2))))"",
    ""Sort(cost=134603.1)(Aggregate(cost=130885.1)(Gather(cost=126006.2)(Aggregate(cost=83187.4)(Hash Join(cost=79408.6)(Seq Scan(cost=27206.5); Hash(cost=45515.2)(Seq Scan(cost=45515.2)))))))"",
    ""Sort(cost=149815.5)(Aggregate(cost=146097.5)(Gather(cost=141218.6)(Aggregate(cost=98399.8)(Hash Join(cost=92870.8)(Seq Scan(cost=39047.3); Hash(cost=45515.2)(Seq Scan(cost=45515.2)))))))"",
    ""Sort(cost=25.8)(Aggregate(cost=25.8)(Sort(cost=25.8)(Nested Loop(cost=25.8)(Index Scan(cost=17.3); Index Scan(cost=8.4)))))""
  ]",8,0.579447997,0.580027445
job_0,"{'shared_buffers': 126245.0, 'work_mem': 89599.0, 'maintenance_work_mem': 1372998.0, 'effective_cache_size': 625652.0, 'max_connections': 368.0, 'wal_buffers': 6163.0, 'checkpoint_completion_target': 0.6504203525839345, 'checkpoint_timeout': 725.0, 'effective_io_concurrency': 137.0, 'join_collapse_limit': 13.0, 'from_collapse_limit': 15.0, 'bgwriter_delay': 501.0, 'bgwriter_lru_multiplier': 0.5199599388025594, 'default_statistics_target': 258.0, 'max_parallel_workers_per_gather': 3.0}","{'xact_commit': 38.0, 'xact_rollback': 0.0, 'blks_read': 929629.0, 'blks_hit': 41813.0, 'tup_returned': 113866630.0, 'tup_fetched': 200239.0, 'tup_inserted': 0.0, 'conflicts': 0.0, 'tup_updated': 0.0, 'tup_deleted': 0.0, 'disk_read_count': 951242.0, 'disk_write_count': 0.0, 'disk_read_bytes': 7792574464.0, 'disk_write_bytes': 0.0}","{
  ""size"": 10,
  ""read_ratio"": 0.9,
  ""group_by_ratio"": 0.9,
  ""order_by_ratio"": 0.9,
  ""avg_query_length"": 502.0,
  ""avg_joins"": 2.1,
  ""filter_ratio"": 0.8
}","[
    ""Sort(cost=493864.3)(Aggregate(cost=490146.2)(Gather(cost=482131.0)(Aggregate(cost=397493.4)(Hash Join(cost=378982.9)(Seq Scan(cost=313133.2); Hash(cost=45515.2)(Seq Scan(cost=45515.2)))))))"",
    ""Sort(cost=104997.7)(Aggregate(cost=101431.3)(Gather(cost=96735.4)(Aggregate(cost=55484.4)(Hash Join(cost=46846.0)(Seq Scan(cost=39047.3); Hash(cost=2290.7)(Seq Scan(cost=2290.7)))))))"",
    ""Sort(cost=2272521.0)(Aggregate(cost=2217635.8)(Gather Merge(cost=2121004.7)(Aggregate(cost=894518.6)(Sort(cost=860803.2)(Hash Join(cost=416220.2)(Seq Scan(cost=328235.0); Hash(cost=66083.3)(Seq Scan(cost=66083.3))))))))"",
    ""Sort(cost=35851.1)(Aggregate(cost=35797.7)(Gather Merge(cost=35725.1)(Aggregate(cost=34431.2)(Sort(cost=34405.7)(Nested Loop(cost=34336.9)(Bitmap Heap Scan(cost=18484.6)(Bitmap Index Scan(cost=100.9)); Index Scan(cost=7.0)))))))"",
    ""Gather(cost=15932.2)(Hash Join(cost=14498.3)(Nested Loop(cost=14493.4)(Merge Join(cost=7288.1)(Index Scan(cost=85896.2); Sort(cost=925.5)(Bitmap Heap Scan(cost=412.5)(Bitmap Index Scan(cost=142.3)))); Index Scan(cost=6.6)); Hash(cost=1.2)(Seq Scan(cost=1.2))))"",
    ""Sort(cost=134603.1)(Aggregate(cost=130885.1)(Gather(cost=126006.2)(Aggregate(cost=83187.4)(Hash Join(cost=79408.6)(Seq Scan(cost=27206.5); Hash(cost=45515.2)(Seq Scan(cost=45515.2)))))))"",
    ""Sort(cost=149815.5)(Aggregate(cost=146097.5)(Gather(cost=141218.6)(Aggregate(cost=98399.8)(Hash Join(cost=92870.8)(Seq Scan(cost=39047.3); Hash(cost=45515.2)(Seq Scan(cost=45515.2)))))))"",
    ""Sort(cost=25.8)(Aggregate(cost=25.8)(Sort(cost=25.8)(Nested Loop(cost=25.8)(Index Scan(cost=17.3); Index Scan(cost=8.4)))))""
  ]",8,0.382837895,0.383220733
job_0,"{'shared_buffers': 217330.0, 'work_mem': 93714.0, 'maintenance_work_mem': 1580659.0, 'effective_cache_size': 827171.0, 'max_connections': 477.0, 'wal_buffers': 5652.0, 'checkpoint_completion_target': 0.6381376181832842, 'checkpoint_timeout': 780.0, 'effective_io_concurrency': 136.0, 'join_collapse_limit': 14.0, 'from_collapse_limit': 15.0, 'bgwriter_delay': 420.0, 'bgwriter_lru_multiplier': 2.5213317590388256, 'default_statistics_target': 252.0, 'max_parallel_workers_per_gather': 3.0}","{'xact_commit': 38.0, 'xact_rollback': 0.0, 'blks_read': 929629.0, 'blks_hit': 41813.0, 'tup_returned': 113866630.0, 'tup_fetched': 200239.0, 'tup_inserted': 0.0, 'conflicts': 0.0, 'tup_updated': 0.0, 'tup_deleted': 0.0, 'disk_read_count': 951242.0, 'disk_write_count': 0.0, 'disk_read_bytes': 7792574464.0, 'disk_write_bytes': 0.0}","{
  ""size"": 10,
  ""read_ratio"": 0.9,
  ""group_by_ratio"": 0.9,
  ""order_by_ratio"": 0.9,
  ""avg_query_length"": 502.0,
  ""avg_joins"": 2.1,
  ""filter_ratio"": 0.8
}","[
    ""Sort(cost=493864.3)(Aggregate(cost=490146.2)(Gather(cost=482131.0)(Aggregate(cost=397493.4)(Hash Join(cost=378982.9)(Seq Scan(cost=313133.2); Hash(cost=45515.2)(Seq Scan(cost=45515.2)))))))"",
    ""Sort(cost=104997.7)(Aggregate(cost=101431.3)(Gather(cost=96735.4)(Aggregate(cost=55484.4)(Hash Join(cost=46846.0)(Seq Scan(cost=39047.3); Hash(cost=2290.7)(Seq Scan(cost=2290.7)))))))"",
    ""Sort(cost=2272521.0)(Aggregate(cost=2217635.8)(Gather Merge(cost=2121004.7)(Aggregate(cost=894518.6)(Sort(cost=860803.2)(Hash Join(cost=416220.2)(Seq Scan(cost=328235.0); Hash(cost=66083.3)(Seq Scan(cost=66083.3))))))))"",
    ""Sort(cost=35851.1)(Aggregate(cost=35797.7)(Gather Merge(cost=35725.1)(Aggregate(cost=34431.2)(Sort(cost=34405.7)(Nested Loop(cost=34336.9)(Bitmap Heap Scan(cost=18484.6)(Bitmap Index Scan(cost=100.9)); Index Scan(cost=7.0)))))))"",
    ""Gather(cost=15932.2)(Hash Join(cost=14498.3)(Nested Loop(cost=14493.4)(Merge Join(cost=7288.1)(Index Scan(cost=85896.2); Sort(cost=925.5)(Bitmap Heap Scan(cost=412.5)(Bitmap Index Scan(cost=142.3)))); Index Scan(cost=6.6)); Hash(cost=1.2)(Seq Scan(cost=1.2))))"",
    ""Sort(cost=134603.1)(Aggregate(cost=130885.1)(Gather(cost=126006.2)(Aggregate(cost=83187.4)(Hash Join(cost=79408.6)(Seq Scan(cost=27206.5); Hash(cost=45515.2)(Seq Scan(cost=45515.2)))))))"",
    ""Sort(cost=149815.5)(Aggregate(cost=146097.5)(Gather(cost=141218.6)(Aggregate(cost=98399.8)(Hash Join(cost=92870.8)(Seq Scan(cost=39047.3); Hash(cost=45515.2)(Seq Scan(cost=45515.2)))))))"",
    ""Sort(cost=25.8)(Aggregate(cost=25.8)(Sort(cost=25.8)(Nested Loop(cost=25.8)(Index Scan(cost=17.3); Index Scan(cost=8.4)))))""
  ]",8,0.393030608,0.393423639
job_0,"{'shared_buffers': 126245.0, 'work_mem': 88402.0, 'maintenance_work_mem': 1439181.0, 'effective_cache_size': 776042.0, 'max_connections': 411.0, 'wal_buffers': 6050.0, 'checkpoint_completion_target': 0.6398910957291631, 'checkpoint_timeout': 740.0, 'effective_io_concurrency': 145.0, 'join_collapse_limit': 13.0, 'from_collapse_limit': 15.0, 'bgwriter_delay': 410.0, 'bgwriter_lru_multiplier': 2.2173783779144287, 'default_statistics_target': 253.0, 'max_parallel_workers_per_gather': 3.0}","{'xact_commit': 38.0, 'xact_rollback': 0.0, 'blks_read': 929629.0, 'blks_hit': 41813.0, 'tup_returned': 113866630.0, 'tup_fetched': 200239.0, 'tup_inserted': 0.0, 'conflicts': 0.0, 'tup_updated': 0.0, 'tup_deleted': 0.0, 'disk_read_count': 951242.0, 'disk_write_count': 0.0, 'disk_read_bytes': 7792574464.0, 'disk_write_bytes': 0.0}","{
  ""size"": 10,
  ""read_ratio"": 0.9,
  ""group_by_ratio"": 0.9,
  ""order_by_ratio"": 0.9,
  ""avg_query_length"": 502.0,
  ""avg_joins"": 2.1,
  ""filter_ratio"": 0.8
}","[
    ""Sort(cost=493864.3)(Aggregate(cost=490146.2)(Gather(cost=482131.0)(Aggregate(cost=397493.4)(Hash Join(cost=378982.9)(Seq Scan(cost=313133.2); Hash(cost=45515.2)(Seq Scan(cost=45515.2)))))))"",
    ""Sort(cost=104997.7)(Aggregate(cost=101431.3)(Gather(cost=96735.4)(Aggregate(cost=55484.4)(Hash Join(cost=46846.0)(Seq Scan(cost=39047.3); Hash(cost=2290.7)(Seq Scan(cost=2290.7)))))))"",
    ""Sort(cost=2272521.0)(Aggregate(cost=2217635.8)(Gather Merge(cost=2121004.7)(Aggregate(cost=894518.6)(Sort(cost=860803.2)(Hash Join(cost=416220.2)(Seq Scan(cost=328235.0); Hash(cost=66083.3)(Seq Scan(cost=66083.3))))))))"",
    ""Sort(cost=35851.1)(Aggregate(cost=35797.7)(Gather Merge(cost=35725.1)(Aggregate(cost=34431.2)(Sort(cost=34405.7)(Nested Loop(cost=34336.9)(Bitmap Heap Scan(cost=18484.6)(Bitmap Index Scan(cost=100.9)); Index Scan(cost=7.0)))))))"",
    ""Gather(cost=15932.2)(Hash Join(cost=14498.3)(Nested Loop(cost=14493.4)(Merge Join(cost=7288.1)(Index Scan(cost=85896.2); Sort(cost=925.5)(Bitmap Heap Scan(cost=412.5)(Bitmap Index Scan(cost=142.3)))); Index Scan(cost=6.6)); Hash(cost=1.2)(Seq Scan(cost=1.2))))"",
    ""Sort(cost=134603.1)(Aggregate(cost=130885.1)(Gather(cost=126006.2)(Aggregate(cost=83187.4)(Hash Join(cost=79408.6)(Seq Scan(cost=27206.5); Hash(cost=45515.2)(Seq Scan(cost=45515.2)))))))"",
    ""Sort(cost=149815.5)(Aggregate(cost=146097.5)(Gather(cost=141218.6)(Aggregate(cost=98399.8)(Hash Join(cost=92870.8)(Seq Scan(cost=39047.3); Hash(cost=45515.2)(Seq Scan(cost=45515.2)))))))"",
    ""Sort(cost=25.8)(Aggregate(cost=25.8)(Sort(cost=25.8)(Nested Loop(cost=25.8)(Index Scan(cost=17.3); Index Scan(cost=8.4)))))""
  ]",8,0.601027318,0.601628346
job_0,"{'shared_buffers': 128805.0, 'work_mem': 86631.0, 'maintenance_work_mem': 1453383.0, 'effective_cache_size': 799294.0, 'max_connections': 455.0, 'wal_buffers': 6196.0, 'checkpoint_completion_target': 0.6285491219622489, 'checkpoint_timeout': 724.0, 'effective_io_concurrency': 140.0, 'join_collapse_limit': 13.0, 'from_collapse_limit': 15.0, 'bgwriter_delay': 367.0, 'bgwriter_lru_multiplier': 2.7902936482533693, 'default_statistics_target': 253.0, 'max_parallel_workers_per_gather': 3.0}","{'xact_commit': 38.0, 'xact_rollback': 0.0, 'blks_read': 929629.0, 'blks_hit': 41813.0, 'tup_returned': 113866630.0, 'tup_fetched': 200239.0, 'tup_inserted': 0.0, 'conflicts': 0.0, 'tup_updated': 0.0, 'tup_deleted': 0.0, 'disk_read_count': 951242.0, 'disk_write_count': 0.0, 'disk_read_bytes': 7792574464.0, 'disk_write_bytes': 0.0}","{
  ""size"": 10,
  ""read_ratio"": 0.9,
  ""group_by_ratio"": 0.9,
  ""order_by_ratio"": 0.9,
  ""avg_query_length"": 502.0,
  ""avg_joins"": 2.1,
  ""filter_ratio"": 0.8
}","[
    ""Sort(cost=493864.3)(Aggregate(cost=490146.2)(Gather(cost=482131.0)(Aggregate(cost=397493.4)(Hash Join(cost=378982.9)(Seq Scan(cost=313133.2); Hash(cost=45515.2)(Seq Scan(cost=45515.2)))))))"",
    ""Sort(cost=104997.7)(Aggregate(cost=101431.3)(Gather(cost=96735.4)(Aggregate(cost=55484.4)(Hash Join(cost=46846.0)(Seq Scan(cost=39047.3); Hash(cost=2290.7)(Seq Scan(cost=2290.7)))))))"",
    ""Sort(cost=2272521.0)(Aggregate(cost=2217635.8)(Gather Merge(cost=2121004.7)(Aggregate(cost=894518.6)(Sort(cost=860803.2)(Hash Join(cost=416220.2)(Seq Scan(cost=328235.0); Hash(cost=66083.3)(Seq Scan(cost=66083.3))))))))"",
    ""Sort(cost=35851.1)(Aggregate(cost=35797.7)(Gather Merge(cost=35725.1)(Aggregate(cost=34431.2)(Sort(cost=34405.7)(Nested Loop(cost=34336.9)(Bitmap Heap Scan(cost=18484.6)(Bitmap Index Scan(cost=100.9)); Index Scan(cost=7.0)))))))"",
    ""Gather(cost=15932.2)(Hash Join(cost=14498.3)(Nested Loop(cost=14493.4)(Merge Join(cost=7288.1)(Index Scan(cost=85896.2); Sort(cost=925.5)(Bitmap Heap Scan(cost=412.5)(Bitmap Index Scan(cost=142.3)))); Index Scan(cost=6.6)); Hash(cost=1.2)(Seq Scan(cost=1.2))))"",
    ""Sort(cost=134603.1)(Aggregate(cost=130885.1)(Gather(cost=126006.2)(Aggregate(cost=83187.4)(Hash Join(cost=79408.6)(Seq Scan(cost=27206.5); Hash(cost=45515.2)(Seq Scan(cost=45515.2)))))))"",
    ""Sort(cost=149815.5)(Aggregate(cost=146097.5)(Gather(cost=141218.6)(Aggregate(cost=98399.8)(Hash Join(cost=92870.8)(Seq Scan(cost=39047.3); Hash(cost=45515.2)(Seq Scan(cost=45515.2)))))))"",
    ""Sort(cost=25.8)(Aggregate(cost=25.8)(Sort(cost=25.8)(Nested Loop(cost=25.8)(Index Scan(cost=17.3); Index Scan(cost=8.4)))))""
  ]",8,0.591910494,0.592502404
job_0,"{'shared_buffers': 120715.0, 'work_mem': 95352.0, 'maintenance_work_mem': 1665866.0, 'effective_cache_size': 870980.0, 'max_connections': 432.0, 'wal_buffers': 6173.0, 'checkpoint_completion_target': 0.6163810928838815, 'checkpoint_timeout': 634.0, 'effective_io_concurrency': 146.0, 'join_collapse_limit': 13.0, 'from_collapse_limit': 15.0, 'bgwriter_delay': 409.0, 'bgwriter_lru_multiplier': 2.6039903386536647, 'default_statistics_target': 253.0, 'max_parallel_workers_per_gather': 3.0}","{'xact_commit': 38.0, 'xact_rollback': 0.0, 'blks_read': 929629.0, 'blks_hit': 41813.0, 'tup_returned': 113866630.0, 'tup_fetched': 200239.0, 'tup_inserted': 0.0, 'conflicts': 0.0, 'tup_updated': 0.0, 'tup_deleted': 0.0, 'disk_read_count': 951242.0, 'disk_write_count': 0.0, 'disk_read_bytes': 7792574464.0, 'disk_write_bytes': 0.0}","{
  ""size"": 10,
  ""read_ratio"": 0.9,
  ""group_by_ratio"": 0.9,
  ""order_by_ratio"": 0.9,
  ""avg_query_length"": 502.0,
  ""avg_joins"": 2.1,
  ""filter_ratio"": 0.8
}","[
    ""Sort(cost=493864.3)(Aggregate(cost=490146.2)(Gather(cost=482131.0)(Aggregate(cost=397493.4)(Hash Join(cost=378982.9)(Seq Scan(cost=313133.2); Hash(cost=45515.2)(Seq Scan(cost=45515.2)))))))"",
    ""Sort(cost=104997.7)(Aggregate(cost=101431.3)(Gather(cost=96735.4)(Aggregate(cost=55484.4)(Hash Join(cost=46846.0)(Seq Scan(cost=39047.3); Hash(cost=2290.7)(Seq Scan(cost=2290.7)))))))"",
    ""Sort(cost=2272521.0)(Aggregate(cost=2217635.8)(Gather Merge(cost=2121004.7)(Aggregate(cost=894518.6)(Sort(cost=860803.2)(Hash Join(cost=416220.2)(Seq Scan(cost=328235.0); Hash(cost=66083.3)(Seq Scan(cost=66083.3))))))))"",
    ""Sort(cost=35851.1)(Aggregate(cost=35797.7)(Gather Merge(cost=35725.1)(Aggregate(cost=34431.2)(Sort(cost=34405.7)(Nested Loop(cost=34336.9)(Bitmap Heap Scan(cost=18484.6)(Bitmap Index Scan(cost=100.9)); Index Scan(cost=7.0)))))))"",
    ""Gather(cost=15932.2)(Hash Join(cost=14498.3)(Nested Loop(cost=14493.4)(Merge Join(cost=7288.1)(Index Scan(cost=85896.2); Sort(cost=925.5)(Bitmap Heap Scan(cost=412.5)(Bitmap Index Scan(cost=142.3)))); Index Scan(cost=6.6)); Hash(cost=1.2)(Seq Scan(cost=1.2))))"",
    ""Sort(cost=134603.1)(Aggregate(cost=130885.1)(Gather(cost=126006.2)(Aggregate(cost=83187.4)(Hash Join(cost=79408.6)(Seq Scan(cost=27206.5); Hash(cost=45515.2)(Seq Scan(cost=45515.2)))))))"",
    ""Sort(cost=149815.5)(Aggregate(cost=146097.5)(Gather(cost=141218.6)(Aggregate(cost=98399.8)(Hash Join(cost=92870.8)(Seq Scan(cost=39047.3); Hash(cost=45515.2)(Seq Scan(cost=45515.2)))))))"",
    ""Sort(cost=25.8)(Aggregate(cost=25.8)(Sort(cost=25.8)(Nested Loop(cost=25.8)(Index Scan(cost=17.3); Index Scan(cost=8.4)))))""
  ]",8,0.375744432,0.376120176
job_0,"{'shared_buffers': 123843.0, 'work_mem': 83886.0, 'maintenance_work_mem': 1456877.0, 'effective_cache_size': 769968.0, 'max_connections': 411.0, 'wal_buffers': 6074.0, 'checkpoint_completion_target': 0.6759093930189006, 'checkpoint_timeout': 743.0, 'effective_io_concurrency': 142.0, 'join_collapse_limit': 13.0, 'from_collapse_limit': 15.0, 'bgwriter_delay': 16.0, 'bgwriter_lru_multiplier': 3.7432109878836854, 'default_statistics_target': 253.0, 'max_parallel_workers_per_gather': 3.0}","{'xact_commit': 38.0, 'xact_rollback': 0.0, 'blks_read': 929629.0, 'blks_hit': 41813.0, 'tup_returned': 113866630.0, 'tup_fetched': 200239.0, 'tup_inserted': 0.0, 'conflicts': 0.0, 'tup_updated': 0.0, 'tup_deleted': 0.0, 'disk_read_count': 951242.0, 'disk_write_count': 0.0, 'disk_read_bytes': 7792574464.0, 'disk_write_bytes': 0.0}","{
  ""size"": 10,
  ""read_ratio"": 0.9,
  ""group_by_ratio"": 0.9,
  ""order_by_ratio"": 0.9,
  ""avg_query_length"": 502.0,
  ""avg_joins"": 2.1,
  ""filter_ratio"": 0.8
}","[
    ""Sort(cost=493864.3)(Aggregate(cost=490146.2)(Gather(cost=482131.0)(Aggregate(cost=397493.4)(Hash Join(cost=378982.9)(Seq Scan(cost=313133.2); Hash(cost=45515.2)(Seq Scan(cost=45515.2)))))))"",
    ""Sort(cost=104997.7)(Aggregate(cost=101431.3)(Gather(cost=96735.4)(Aggregate(cost=55484.4)(Hash Join(cost=46846.0)(Seq Scan(cost=39047.3); Hash(cost=2290.7)(Seq Scan(cost=2290.7)))))))"",
    ""Sort(cost=2272521.0)(Aggregate(cost=2217635.8)(Gather Merge(cost=2121004.7)(Aggregate(cost=894518.6)(Sort(cost=860803.2)(Hash Join(cost=416220.2)(Seq Scan(cost=328235.0); Hash(cost=66083.3)(Seq Scan(cost=66083.3))))))))"",
    ""Sort(cost=35851.1)(Aggregate(cost=35797.7)(Gather Merge(cost=35725.1)(Aggregate(cost=34431.2)(Sort(cost=34405.7)(Nested Loop(cost=34336.9)(Bitmap Heap Scan(cost=18484.6)(Bitmap Index Scan(cost=100.9)); Index Scan(cost=7.0)))))))"",
    ""Gather(cost=15932.2)(Hash Join(cost=14498.3)(Nested Loop(cost=14493.4)(Merge Join(cost=7288.1)(Index Scan(cost=85896.2); Sort(cost=925.5)(Bitmap Heap Scan(cost=412.5)(Bitmap Index Scan(cost=142.3)))); Index Scan(cost=6.6)); Hash(cost=1.2)(Seq Scan(cost=1.2))))"",
    ""Sort(cost=134603.1)(Aggregate(cost=130885.1)(Gather(cost=126006.2)(Aggregate(cost=83187.4)(Hash Join(cost=79408.6)(Seq Scan(cost=27206.5); Hash(cost=45515.2)(Seq Scan(cost=45515.2)))))))"",
    ""Sort(cost=149815.5)(Aggregate(cost=146097.5)(Gather(cost=141218.6)(Aggregate(cost=98399.8)(Hash Join(cost=92870.8)(Seq Scan(cost=39047.3); Hash(cost=45515.2)(Seq Scan(cost=45515.2)))))))"",
    ""Sort(cost=25.8)(Aggregate(cost=25.8)(Sort(cost=25.8)(Nested Loop(cost=25.8)(Index Scan(cost=17.3); Index Scan(cost=8.4)))))""
  ]",8,0.39858757,0.398986157
job_0,"{'shared_buffers': 127807.0, 'work_mem': 90642.0, 'maintenance_work_mem': 1439181.0, 'effective_cache_size': 777064.0, 'max_connections': 473.0, 'wal_buffers': 6216.0, 'checkpoint_completion_target': 0.6309482988094481, 'checkpoint_timeout': 731.0, 'effective_io_concurrency': 143.0, 'join_collapse_limit': 13.0, 'from_collapse_limit': 14.0, 'bgwriter_delay': 292.0, 'bgwriter_lru_multiplier': 2.660083873216987, 'default_statistics_target': 183.0, 'max_parallel_workers_per_gather': 3.0}","{'xact_commit': 38.0, 'xact_rollback': 0.0, 'blks_read': 929629.0, 'blks_hit': 41813.0, 'tup_returned': 113866630.0, 'tup_fetched': 200239.0, 'tup_inserted': 0.0, 'conflicts': 0.0, 'tup_updated': 0.0, 'tup_deleted': 0.0, 'disk_read_count': 951242.0, 'disk_write_count': 0.0, 'disk_read_bytes': 7792574464.0, 'disk_write_bytes': 0.0}","{
  ""size"": 10,
  ""read_ratio"": 0.9,
  ""group_by_ratio"": 0.9,
  ""order_by_ratio"": 0.9,
  ""avg_query_length"": 502.0,
  ""avg_joins"": 2.1,
  ""filter_ratio"": 0.8
}","[
    ""Sort(cost=493864.3)(Aggregate(cost=490146.2)(Gather(cost=482131.0)(Aggregate(cost=397493.4)(Hash Join(cost=378982.9)(Seq Scan(cost=313133.2); Hash(cost=45515.2)(Seq Scan(cost=45515.2)))))))"",
    ""Sort(cost=104997.7)(Aggregate(cost=101431.3)(Gather(cost=96735.4)(Aggregate(cost=55484.4)(Hash Join(cost=46846.0)(Seq Scan(cost=39047.3); Hash(cost=2290.7)(Seq Scan(cost=2290.7)))))))"",
    ""Sort(cost=2272521.0)(Aggregate(cost=2217635.8)(Gather Merge(cost=2121004.7)(Aggregate(cost=894518.6)(Sort(cost=860803.2)(Hash Join(cost=416220.2)(Seq Scan(cost=328235.0); Hash(cost=66083.3)(Seq Scan(cost=66083.3))))))))"",
    ""Sort(cost=35851.1)(Aggregate(cost=35797.7)(Gather Merge(cost=35725.1)(Aggregate(cost=34431.2)(Sort(cost=34405.7)(Nested Loop(cost=34336.9)(Bitmap Heap Scan(cost=18484.6)(Bitmap Index Scan(cost=100.9)); Index Scan(cost=7.0)))))))"",
    ""Gather(cost=15932.2)(Hash Join(cost=14498.3)(Nested Loop(cost=14493.4)(Merge Join(cost=7288.1)(Index Scan(cost=85896.2); Sort(cost=925.5)(Bitmap Heap Scan(cost=412.5)(Bitmap Index Scan(cost=142.3)))); Index Scan(cost=6.6)); Hash(cost=1.2)(Seq Scan(cost=1.2))))"",
    ""Sort(cost=134603.1)(Aggregate(cost=130885.1)(Gather(cost=126006.2)(Aggregate(cost=83187.4)(Hash Join(cost=79408.6)(Seq Scan(cost=27206.5); Hash(cost=45515.2)(Seq Scan(cost=45515.2)))))))"",
    ""Sort(cost=149815.5)(Aggregate(cost=146097.5)(Gather(cost=141218.6)(Aggregate(cost=98399.8)(Hash Join(cost=92870.8)(Seq Scan(cost=39047.3); Hash(cost=45515.2)(Seq Scan(cost=45515.2)))))))"",
    ""Sort(cost=25.8)(Aggregate(cost=25.8)(Sort(cost=25.8)(Nested Loop(cost=25.8)(Index Scan(cost=17.3); Index Scan(cost=8.4)))))""
  ]",8,0.611608947,0.612220556
job_0,"{'shared_buffers': 170344.0, 'work_mem': 90716.0, 'maintenance_work_mem': 1471268.0, 'effective_cache_size': 1093051.0, 'max_connections': 498.0, 'wal_buffers': 7197.0, 'checkpoint_completion_target': 0.6386293023157025, 'checkpoint_timeout': 951.0, 'effective_io_concurrency': 154.0, 'join_collapse_limit': 13.0, 'from_collapse_limit': 14.0, 'bgwriter_delay': 269.0, 'bgwriter_lru_multiplier': 2.28723445775887, 'default_statistics_target': 209.0, 'max_parallel_workers_per_gather': 3.0}","{'xact_commit': 38.0, 'xact_rollback': 0.0, 'blks_read': 929629.0, 'blks_hit': 41813.0, 'tup_returned': 113866630.0, 'tup_fetched': 200239.0, 'tup_inserted': 0.0, 'conflicts': 0.0, 'tup_updated': 0.0, 'tup_deleted': 0.0, 'disk_read_count': 951242.0, 'disk_write_count': 0.0, 'disk_read_bytes': 7792574464.0, 'disk_write_bytes': 0.0}","{
  ""size"": 10,
  ""read_ratio"": 0.9,
  ""group_by_ratio"": 0.9,
  ""order_by_ratio"": 0.9,
  ""avg_query_length"": 502.0,
  ""avg_joins"": 2.1,
  ""filter_ratio"": 0.8
}","[
    ""Sort(cost=493864.3)(Aggregate(cost=490146.2)(Gather(cost=482131.0)(Aggregate(cost=397493.4)(Hash Join(cost=378982.9)(Seq Scan(cost=313133.2); Hash(cost=45515.2)(Seq Scan(cost=45515.2)))))))"",
    ""Sort(cost=104997.7)(Aggregate(cost=101431.3)(Gather(cost=96735.4)(Aggregate(cost=55484.4)(Hash Join(cost=46846.0)(Seq Scan(cost=39047.3); Hash(cost=2290.7)(Seq Scan(cost=2290.7)))))))"",
    ""Sort(cost=2272521.0)(Aggregate(cost=2217635.8)(Gather Merge(cost=2121004.7)(Aggregate(cost=894518.6)(Sort(cost=860803.2)(Hash Join(cost=416220.2)(Seq Scan(cost=328235.0); Hash(cost=66083.3)(Seq Scan(cost=66083.3))))))))"",
    ""Sort(cost=35851.1)(Aggregate(cost=35797.7)(Gather Merge(cost=35725.1)(Aggregate(cost=34431.2)(Sort(cost=34405.7)(Nested Loop(cost=34336.9)(Bitmap Heap Scan(cost=18484.6)(Bitmap Index Scan(cost=100.9)); Index Scan(cost=7.0)))))))"",
    ""Gather(cost=15932.2)(Hash Join(cost=14498.3)(Nested Loop(cost=14493.4)(Merge Join(cost=7288.1)(Index Scan(cost=85896.2); Sort(cost=925.5)(Bitmap Heap Scan(cost=412.5)(Bitmap Index Scan(cost=142.3)))); Index Scan(cost=6.6)); Hash(cost=1.2)(Seq Scan(cost=1.2))))"",
    ""Sort(cost=134603.1)(Aggregate(cost=130885.1)(Gather(cost=126006.2)(Aggregate(cost=83187.4)(Hash Join(cost=79408.6)(Seq Scan(cost=27206.5); Hash(cost=45515.2)(Seq Scan(cost=45515.2)))))))"",
    ""Sort(cost=149815.5)(Aggregate(cost=146097.5)(Gather(cost=141218.6)(Aggregate(cost=98399.8)(Hash Join(cost=92870.8)(Seq Scan(cost=39047.3); Hash(cost=45515.2)(Seq Scan(cost=45515.2)))))))"",
    ""Sort(cost=25.8)(Aggregate(cost=25.8)(Sort(cost=25.8)(Nested Loop(cost=25.8)(Index Scan(cost=17.3); Index Scan(cost=8.4)))))""
  ]",8,0.394429648,0.394824077
job_0,"{'shared_buffers': 127857.0, 'work_mem': 77530.0, 'maintenance_work_mem': 1438455.0, 'effective_cache_size': 777065.0, 'max_connections': 460.0, 'wal_buffers': 6443.0, 'checkpoint_completion_target': 0.5885762862289359, 'checkpoint_timeout': 730.0, 'effective_io_concurrency': 142.0, 'join_collapse_limit': 13.0, 'from_collapse_limit': 16.0, 'bgwriter_delay': 247.0, 'bgwriter_lru_multiplier': 2.4140659611913518, 'default_statistics_target': 184.0, 'max_parallel_workers_per_gather': 3.0}","{'xact_commit': 38.0, 'xact_rollback': 0.0, 'blks_read': 929629.0, 'blks_hit': 41813.0, 'tup_returned': 113866630.0, 'tup_fetched': 200239.0, 'tup_inserted': 0.0, 'conflicts': 0.0, 'tup_updated': 0.0, 'tup_deleted': 0.0, 'disk_read_count': 951242.0, 'disk_write_count': 0.0, 'disk_read_bytes': 7792574464.0, 'disk_write_bytes': 0.0}","{
  ""size"": 10,
  ""read_ratio"": 0.9,
  ""group_by_ratio"": 0.9,
  ""order_by_ratio"": 0.9,
  ""avg_query_length"": 502.0,
  ""avg_joins"": 2.1,
  ""filter_ratio"": 0.8
}","[
    ""Sort(cost=493864.3)(Aggregate(cost=490146.2)(Gather(cost=482131.0)(Aggregate(cost=397493.4)(Hash Join(cost=378982.9)(Seq Scan(cost=313133.2); Hash(cost=45515.2)(Seq Scan(cost=45515.2)))))))"",
    ""Sort(cost=104997.7)(Aggregate(cost=101431.3)(Gather(cost=96735.4)(Aggregate(cost=55484.4)(Hash Join(cost=46846.0)(Seq Scan(cost=39047.3); Hash(cost=2290.7)(Seq Scan(cost=2290.7)))))))"",
    ""Sort(cost=2272521.0)(Aggregate(cost=2217635.8)(Gather Merge(cost=2121004.7)(Aggregate(cost=894518.6)(Sort(cost=860803.2)(Hash Join(cost=416220.2)(Seq Scan(cost=328235.0); Hash(cost=66083.3)(Seq Scan(cost=66083.3))))))))"",
    ""Sort(cost=35851.1)(Aggregate(cost=35797.7)(Gather Merge(cost=35725.1)(Aggregate(cost=34431.2)(Sort(cost=34405.7)(Nested Loop(cost=34336.9)(Bitmap Heap Scan(cost=18484.6)(Bitmap Index Scan(cost=100.9)); Index Scan(cost=7.0)))))))"",
    ""Gather(cost=15932.2)(Hash Join(cost=14498.3)(Nested Loop(cost=14493.4)(Merge Join(cost=7288.1)(Index Scan(cost=85896.2); Sort(cost=925.5)(Bitmap Heap Scan(cost=412.5)(Bitmap Index Scan(cost=142.3)))); Index Scan(cost=6.6)); Hash(cost=1.2)(Seq Scan(cost=1.2))))"",
    ""Sort(cost=134603.1)(Aggregate(cost=130885.1)(Gather(cost=126006.2)(Aggregate(cost=83187.4)(Hash Join(cost=79408.6)(Seq Scan(cost=27206.5); Hash(cost=45515.2)(Seq Scan(cost=45515.2)))))))"",
    ""Sort(cost=149815.5)(Aggregate(cost=146097.5)(Gather(cost=141218.6)(Aggregate(cost=98399.8)(Hash Join(cost=92870.8)(Seq Scan(cost=39047.3); Hash(cost=45515.2)(Seq Scan(cost=45515.2)))))))"",
    ""Sort(cost=25.8)(Aggregate(cost=25.8)(Sort(cost=25.8)(Nested Loop(cost=25.8)(Index Scan(cost=17.3); Index Scan(cost=8.4)))))""
  ]",8,0.590383896,0.59097428
job_0,"{'shared_buffers': 99862.0, 'work_mem': 86524.0, 'maintenance_work_mem': 1469066.0, 'effective_cache_size': 562601.0, 'max_connections': 473.0, 'wal_buffers': 5916.0, 'checkpoint_completion_target': 0.5790709595484409, 'checkpoint_timeout': 657.0, 'effective_io_concurrency': 151.0, 'join_collapse_limit': 13.0, 'from_collapse_limit': 13.0, 'bgwriter_delay': 292.0, 'bgwriter_lru_multiplier': 2.3015003876680744, 'default_statistics_target': 123.0, 'max_parallel_workers_per_gather': 3.0}","{'xact_commit': 38.0, 'xact_rollback': 0.0, 'blks_read': 929629.0, 'blks_hit': 41813.0, 'tup_returned': 113866630.0, 'tup_fetched': 200239.0, 'tup_inserted': 0.0, 'conflicts': 0.0, 'tup_updated': 0.0, 'tup_deleted': 0.0, 'disk_read_count': 951242.0, 'disk_write_count': 0.0, 'disk_read_bytes': 7792574464.0, 'disk_write_bytes': 0.0}","{
  ""size"": 10,
  ""read_ratio"": 0.9,
  ""group_by_ratio"": 0.9,
  ""order_by_ratio"": 0.9,
  ""avg_query_length"": 502.0,
  ""avg_joins"": 2.1,
  ""filter_ratio"": 0.8
}","[
    ""Sort(cost=493864.3)(Aggregate(cost=490146.2)(Gather(cost=482131.0)(Aggregate(cost=397493.4)(Hash Join(cost=378982.9)(Seq Scan(cost=313133.2); Hash(cost=45515.2)(Seq Scan(cost=45515.2)))))))"",
    ""Sort(cost=104997.7)(Aggregate(cost=101431.3)(Gather(cost=96735.4)(Aggregate(cost=55484.4)(Hash Join(cost=46846.0)(Seq Scan(cost=39047.3); Hash(cost=2290.7)(Seq Scan(cost=2290.7)))))))"",
    ""Sort(cost=2272521.0)(Aggregate(cost=2217635.8)(Gather Merge(cost=2121004.7)(Aggregate(cost=894518.6)(Sort(cost=860803.2)(Hash Join(cost=416220.2)(Seq Scan(cost=328235.0); Hash(cost=66083.3)(Seq Scan(cost=66083.3))))))))"",
    ""Sort(cost=35851.1)(Aggregate(cost=35797.7)(Gather Merge(cost=35725.1)(Aggregate(cost=34431.2)(Sort(cost=34405.7)(Nested Loop(cost=34336.9)(Bitmap Heap Scan(cost=18484.6)(Bitmap Index Scan(cost=100.9)); Index Scan(cost=7.0)))))))"",
    ""Gather(cost=15932.2)(Hash Join(cost=14498.3)(Nested Loop(cost=14493.4)(Merge Join(cost=7288.1)(Index Scan(cost=85896.2); Sort(cost=925.5)(Bitmap Heap Scan(cost=412.5)(Bitmap Index Scan(cost=142.3)))); Index Scan(cost=6.6)); Hash(cost=1.2)(Seq Scan(cost=1.2))))"",
    ""Sort(cost=134603.1)(Aggregate(cost=130885.1)(Gather(cost=126006.2)(Aggregate(cost=83187.4)(Hash Join(cost=79408.6)(Seq Scan(cost=27206.5); Hash(cost=45515.2)(Seq Scan(cost=45515.2)))))))"",
    ""Sort(cost=149815.5)(Aggregate(cost=146097.5)(Gather(cost=141218.6)(Aggregate(cost=98399.8)(Hash Join(cost=92870.8)(Seq Scan(cost=39047.3); Hash(cost=45515.2)(Seq Scan(cost=45515.2)))))))"",
    ""Sort(cost=25.8)(Aggregate(cost=25.8)(Sort(cost=25.8)(Nested Loop(cost=25.8)(Index Scan(cost=17.3); Index Scan(cost=8.4)))))""
  ]",8,0.377176921,0.377554098
job_0,"{'shared_buffers': 178235.0, 'work_mem': 89033.0, 'maintenance_work_mem': 1372539.0, 'effective_cache_size': 777064.0, 'max_connections': 387.0, 'wal_buffers': 6216.0, 'checkpoint_completion_target': 0.6076767199153359, 'checkpoint_timeout': 680.0, 'effective_io_concurrency': 143.0, 'join_collapse_limit': 13.0, 'from_collapse_limit': 14.0, 'bgwriter_delay': 114.0, 'bgwriter_lru_multiplier': 2.392361360545381, 'default_statistics_target': 187.0, 'max_parallel_workers_per_gather': 6.0}","{'xact_commit': 38.0, 'xact_rollback': 0.0, 'blks_read': 929629.0, 'blks_hit': 41813.0, 'tup_returned': 113866630.0, 'tup_fetched': 200239.0, 'tup_inserted': 0.0, 'conflicts': 0.0, 'tup_updated': 0.0, 'tup_deleted': 0.0, 'disk_read_count': 951242.0, 'disk_write_count': 0.0, 'disk_read_bytes': 7792574464.0, 'disk_write_bytes': 0.0}","{
  ""size"": 10,
  ""read_ratio"": 0.9,
  ""group_by_ratio"": 0.9,
  ""order_by_ratio"": 0.9,
  ""avg_query_length"": 502.0,
  ""avg_joins"": 2.1,
  ""filter_ratio"": 0.8
}","[
    ""Sort(cost=493864.3)(Aggregate(cost=490146.2)(Gather(cost=482131.0)(Aggregate(cost=397493.4)(Hash Join(cost=378982.9)(Seq Scan(cost=313133.2); Hash(cost=45515.2)(Seq Scan(cost=45515.2)))))))"",
    ""Sort(cost=104997.7)(Aggregate(cost=101431.3)(Gather(cost=96735.4)(Aggregate(cost=55484.4)(Hash Join(cost=46846.0)(Seq Scan(cost=39047.3); Hash(cost=2290.7)(Seq Scan(cost=2290.7)))))))"",
    ""Sort(cost=2272521.0)(Aggregate(cost=2217635.8)(Gather Merge(cost=2121004.7)(Aggregate(cost=894518.6)(Sort(cost=860803.2)(Hash Join(cost=416220.2)(Seq Scan(cost=328235.0); Hash(cost=66083.3)(Seq Scan(cost=66083.3))))))))"",
    ""Sort(cost=35851.1)(Aggregate(cost=35797.7)(Gather Merge(cost=35725.1)(Aggregate(cost=34431.2)(Sort(cost=34405.7)(Nested Loop(cost=34336.9)(Bitmap Heap Scan(cost=18484.6)(Bitmap Index Scan(cost=100.9)); Index Scan(cost=7.0)))))))"",
    ""Gather(cost=15932.2)(Hash Join(cost=14498.3)(Nested Loop(cost=14493.4)(Merge Join(cost=7288.1)(Index Scan(cost=85896.2); Sort(cost=925.5)(Bitmap Heap Scan(cost=412.5)(Bitmap Index Scan(cost=142.3)))); Index Scan(cost=6.6)); Hash(cost=1.2)(Seq Scan(cost=1.2))))"",
    ""Sort(cost=134603.1)(Aggregate(cost=130885.1)(Gather(cost=126006.2)(Aggregate(cost=83187.4)(Hash Join(cost=79408.6)(Seq Scan(cost=27206.5); Hash(cost=45515.2)(Seq Scan(cost=45515.2)))))))"",
    ""Sort(cost=149815.5)(Aggregate(cost=146097.5)(Gather(cost=141218.6)(Aggregate(cost=98399.8)(Hash Join(cost=92870.8)(Seq Scan(cost=39047.3); Hash(cost=45515.2)(Seq Scan(cost=45515.2)))))))"",
    ""Sort(cost=25.8)(Aggregate(cost=25.8)(Sort(cost=25.8)(Nested Loop(cost=25.8)(Index Scan(cost=17.3); Index Scan(cost=8.4)))))""
  ]",8,0.368080618,0.368448699
job_0,"{'shared_buffers': 151556.0, 'work_mem': 90865.0, 'maintenance_work_mem': 1440221.0, 'effective_cache_size': 771750.0, 'max_connections': 488.0, 'wal_buffers': 6707.0, 'checkpoint_completion_target': 0.6288709336874116, 'checkpoint_timeout': 730.0, 'effective_io_concurrency': 117.0, 'join_collapse_limit': 13.0, 'from_collapse_limit': 15.0, 'bgwriter_delay': 386.0, 'bgwriter_lru_multiplier': 2.3080984685456594, 'default_statistics_target': 183.0, 'max_parallel_workers_per_gather': 3.0}","{'xact_commit': 38.0, 'xact_rollback': 0.0, 'blks_read': 929629.0, 'blks_hit': 41813.0, 'tup_returned': 113866630.0, 'tup_fetched': 200239.0, 'tup_inserted': 0.0, 'conflicts': 0.0, 'tup_updated': 0.0, 'tup_deleted': 0.0, 'disk_read_count': 951242.0, 'disk_write_count': 0.0, 'disk_read_bytes': 7792574464.0, 'disk_write_bytes': 0.0}","{
  ""size"": 10,
  ""read_ratio"": 0.9,
  ""group_by_ratio"": 0.9,
  ""order_by_ratio"": 0.9,
  ""avg_query_length"": 502.0,
  ""avg_joins"": 2.1,
  ""filter_ratio"": 0.8
}","[
    ""Sort(cost=493864.3)(Aggregate(cost=490146.2)(Gather(cost=482131.0)(Aggregate(cost=397493.4)(Hash Join(cost=378982.9)(Seq Scan(cost=313133.2); Hash(cost=45515.2)(Seq Scan(cost=45515.2)))))))"",
    ""Sort(cost=104997.7)(Aggregate(cost=101431.3)(Gather(cost=96735.4)(Aggregate(cost=55484.4)(Hash Join(cost=46846.0)(Seq Scan(cost=39047.3); Hash(cost=2290.7)(Seq Scan(cost=2290.7)))))))"",
    ""Sort(cost=2272521.0)(Aggregate(cost=2217635.8)(Gather Merge(cost=2121004.7)(Aggregate(cost=894518.6)(Sort(cost=860803.2)(Hash Join(cost=416220.2)(Seq Scan(cost=328235.0); Hash(cost=66083.3)(Seq Scan(cost=66083.3))))))))"",
    ""Sort(cost=35851.1)(Aggregate(cost=35797.7)(Gather Merge(cost=35725.1)(Aggregate(cost=34431.2)(Sort(cost=34405.7)(Nested Loop(cost=34336.9)(Bitmap Heap Scan(cost=18484.6)(Bitmap Index Scan(cost=100.9)); Index Scan(cost=7.0)))))))"",
    ""Gather(cost=15932.2)(Hash Join(cost=14498.3)(Nested Loop(cost=14493.4)(Merge Join(cost=7288.1)(Index Scan(cost=85896.2); Sort(cost=925.5)(Bitmap Heap Scan(cost=412.5)(Bitmap Index Scan(cost=142.3)))); Index Scan(cost=6.6)); Hash(cost=1.2)(Seq Scan(cost=1.2))))"",
    ""Sort(cost=134603.1)(Aggregate(cost=130885.1)(Gather(cost=126006.2)(Aggregate(cost=83187.4)(Hash Join(cost=79408.6)(Seq Scan(cost=27206.5); Hash(cost=45515.2)(Seq Scan(cost=45515.2)))))))"",
    ""Sort(cost=149815.5)(Aggregate(cost=146097.5)(Gather(cost=141218.6)(Aggregate(cost=98399.8)(Hash Join(cost=92870.8)(Seq Scan(cost=39047.3); Hash(cost=45515.2)(Seq Scan(cost=45515.2)))))))"",
    ""Sort(cost=25.8)(Aggregate(cost=25.8)(Sort(cost=25.8)(Nested Loop(cost=25.8)(Index Scan(cost=17.3); Index Scan(cost=8.4)))))""
  ]",8,0.561568706,0.505411835
job_0,"{'shared_buffers': 163060.0, 'work_mem': 95237.0, 'maintenance_work_mem': 1453736.0, 'effective_cache_size': 787874.0, 'max_connections': 343.0, 'wal_buffers': 7103.0, 'checkpoint_completion_target': 0.6164140808111024, 'checkpoint_timeout': 729.0, 'effective_io_concurrency': 171.0, 'join_collapse_limit': 13.0, 'from_collapse_limit': 15.0, 'bgwriter_delay': 172.0, 'bgwriter_lru_multiplier': 2.381302695306739, 'default_statistics_target': 202.0, 'max_parallel_workers_per_gather': 3.0}","{'xact_commit': 38.0, 'xact_rollback': 0.0, 'blks_read': 929629.0, 'blks_hit': 41813.0, 'tup_returned': 113866630.0, 'tup_fetched': 200239.0, 'tup_inserted': 0.0, 'conflicts': 0.0, 'tup_updated': 0.0, 'tup_deleted': 0.0, 'disk_read_count': 951242.0, 'disk_write_count': 0.0, 'disk_read_bytes': 7792574464.0, 'disk_write_bytes': 0.0}","{
  ""size"": 10,
  ""read_ratio"": 0.9,
  ""group_by_ratio"": 0.9,
  ""order_by_ratio"": 0.9,
  ""avg_query_length"": 502.0,
  ""avg_joins"": 2.1,
  ""filter_ratio"": 0.8
}","[
    ""Sort(cost=493864.3)(Aggregate(cost=490146.2)(Gather(cost=482131.0)(Aggregate(cost=397493.4)(Hash Join(cost=378982.9)(Seq Scan(cost=313133.2); Hash(cost=45515.2)(Seq Scan(cost=45515.2)))))))"",
    ""Sort(cost=104997.7)(Aggregate(cost=101431.3)(Gather(cost=96735.4)(Aggregate(cost=55484.4)(Hash Join(cost=46846.0)(Seq Scan(cost=39047.3); Hash(cost=2290.7)(Seq Scan(cost=2290.7)))))))"",
    ""Sort(cost=2272521.0)(Aggregate(cost=2217635.8)(Gather Merge(cost=2121004.7)(Aggregate(cost=894518.6)(Sort(cost=860803.2)(Hash Join(cost=416220.2)(Seq Scan(cost=328235.0); Hash(cost=66083.3)(Seq Scan(cost=66083.3))))))))"",
    ""Sort(cost=35851.1)(Aggregate(cost=35797.7)(Gather Merge(cost=35725.1)(Aggregate(cost=34431.2)(Sort(cost=34405.7)(Nested Loop(cost=34336.9)(Bitmap Heap Scan(cost=18484.6)(Bitmap Index Scan(cost=100.9)); Index Scan(cost=7.0)))))))"",
    ""Gather(cost=15932.2)(Hash Join(cost=14498.3)(Nested Loop(cost=14493.4)(Merge Join(cost=7288.1)(Index Scan(cost=85896.2); Sort(cost=925.5)(Bitmap Heap Scan(cost=412.5)(Bitmap Index Scan(cost=142.3)))); Index Scan(cost=6.6)); Hash(cost=1.2)(Seq Scan(cost=1.2))))"",
    ""Sort(cost=134603.1)(Aggregate(cost=130885.1)(Gather(cost=126006.2)(Aggregate(cost=83187.4)(Hash Join(cost=79408.6)(Seq Scan(cost=27206.5); Hash(cost=45515.2)(Seq Scan(cost=45515.2)))))))"",
    ""Sort(cost=149815.5)(Aggregate(cost=146097.5)(Gather(cost=141218.6)(Aggregate(cost=98399.8)(Hash Join(cost=92870.8)(Seq Scan(cost=39047.3); Hash(cost=45515.2)(Seq Scan(cost=45515.2)))))))"",
    ""Sort(cost=25.8)(Aggregate(cost=25.8)(Sort(cost=25.8)(Nested Loop(cost=25.8)(Index Scan(cost=17.3); Index Scan(cost=8.4)))))""
  ]",8,0.390197554,0.351177798
job_0,"{'shared_buffers': 428792.0, 'work_mem': 141832.0, 'maintenance_work_mem': 904036.0, 'effective_cache_size': 3581260.0, 'max_connections': 370.0, 'wal_buffers': 1577.0, 'checkpoint_completion_target': 0.5383827635645076, 'checkpoint_timeout': 363.0, 'effective_io_concurrency': 92.0, 'join_collapse_limit': 11.0, 'from_collapse_limit': 17.0, 'bgwriter_delay': 189.0, 'bgwriter_lru_multiplier': 2.831422410841051, 'default_statistics_target': 309.0, 'max_parallel_workers_per_gather': 0.0}","{'xact_commit': 38.0, 'xact_rollback': 0.0, 'blks_read': 929629.0, 'blks_hit': 41813.0, 'tup_returned': 113866630.0, 'tup_fetched': 200239.0, 'tup_inserted': 0.0, 'conflicts': 0.0, 'tup_updated': 0.0, 'tup_deleted': 0.0, 'disk_read_count': 951242.0, 'disk_write_count': 0.0, 'disk_read_bytes': 7792574464.0, 'disk_write_bytes': 0.0}","{
  ""size"": 10,
  ""read_ratio"": 0.9,
  ""group_by_ratio"": 0.9,
  ""order_by_ratio"": 0.9,
  ""avg_query_length"": 502.0,
  ""avg_joins"": 2.1,
  ""filter_ratio"": 0.8
}","[
    ""Sort(cost=493864.3)(Aggregate(cost=490146.2)(Gather(cost=482131.0)(Aggregate(cost=397493.4)(Hash Join(cost=378982.9)(Seq Scan(cost=313133.2); Hash(cost=45515.2)(Seq Scan(cost=45515.2)))))))"",
    ""Sort(cost=104997.7)(Aggregate(cost=101431.3)(Gather(cost=96735.4)(Aggregate(cost=55484.4)(Hash Join(cost=46846.0)(Seq Scan(cost=39047.3); Hash(cost=2290.7)(Seq Scan(cost=2290.7)))))))"",
    ""Sort(cost=2272521.0)(Aggregate(cost=2217635.8)(Gather Merge(cost=2121004.7)(Aggregate(cost=894518.6)(Sort(cost=860803.2)(Hash Join(cost=416220.2)(Seq Scan(cost=328235.0); Hash(cost=66083.3)(Seq Scan(cost=66083.3))))))))"",
    ""Sort(cost=35851.1)(Aggregate(cost=35797.7)(Gather Merge(cost=35725.1)(Aggregate(cost=34431.2)(Sort(cost=34405.7)(Nested Loop(cost=34336.9)(Bitmap Heap Scan(cost=18484.6)(Bitmap Index Scan(cost=100.9)); Index Scan(cost=7.0)))))))"",
    ""Gather(cost=15932.2)(Hash Join(cost=14498.3)(Nested Loop(cost=14493.4)(Merge Join(cost=7288.1)(Index Scan(cost=85896.2); Sort(cost=925.5)(Bitmap Heap Scan(cost=412.5)(Bitmap Index Scan(cost=142.3)))); Index Scan(cost=6.6)); Hash(cost=1.2)(Seq Scan(cost=1.2))))"",
    ""Sort(cost=134603.1)(Aggregate(cost=130885.1)(Gather(cost=126006.2)(Aggregate(cost=83187.4)(Hash Join(cost=79408.6)(Seq Scan(cost=27206.5); Hash(cost=45515.2)(Seq Scan(cost=45515.2)))))))"",
    ""Sort(cost=149815.5)(Aggregate(cost=146097.5)(Gather(cost=141218.6)(Aggregate(cost=98399.8)(Hash Join(cost=92870.8)(Seq Scan(cost=39047.3); Hash(cost=45515.2)(Seq Scan(cost=45515.2)))))))"",
    ""Sort(cost=25.8)(Aggregate(cost=25.8)(Sort(cost=25.8)(Nested Loop(cost=25.8)(Index Scan(cost=17.3); Index Scan(cost=8.4)))))""
  ]",8,0.2086092,0.18774828
job_0,"{'shared_buffers': 145747.0, 'work_mem': 91021.0, 'maintenance_work_mem': 1439168.0, 'effective_cache_size': 741534.0, 'max_connections': 455.0, 'wal_buffers': 6156.0, 'checkpoint_completion_target': 0.6529319710286091, 'checkpoint_timeout': 457.0, 'effective_io_concurrency': 138.0, 'join_collapse_limit': 13.0, 'from_collapse_limit': 13.0, 'bgwriter_delay': 294.0, 'bgwriter_lru_multiplier': 2.3705938535217133, 'default_statistics_target': 120.0, 'max_parallel_workers_per_gather': 3.0}","{'xact_commit': 38.0, 'xact_rollback': 0.0, 'blks_read': 929629.0, 'blks_hit': 41813.0, 'tup_returned': 113866630.0, 'tup_fetched': 200239.0, 'tup_inserted': 0.0, 'conflicts': 0.0, 'tup_updated': 0.0, 'tup_deleted': 0.0, 'disk_read_count': 951242.0, 'disk_write_count': 0.0, 'disk_read_bytes': 7792574464.0, 'disk_write_bytes': 0.0}","{
  ""size"": 10,
  ""read_ratio"": 0.9,
  ""group_by_ratio"": 0.9,
  ""order_by_ratio"": 0.9,
  ""avg_query_length"": 502.0,
  ""avg_joins"": 2.1,
  ""filter_ratio"": 0.8
}","[
    ""Sort(cost=493864.3)(Aggregate(cost=490146.2)(Gather(cost=482131.0)(Aggregate(cost=397493.4)(Hash Join(cost=378982.9)(Seq Scan(cost=313133.2); Hash(cost=45515.2)(Seq Scan(cost=45515.2)))))))"",
    ""Sort(cost=104997.7)(Aggregate(cost=101431.3)(Gather(cost=96735.4)(Aggregate(cost=55484.4)(Hash Join(cost=46846.0)(Seq Scan(cost=39047.3); Hash(cost=2290.7)(Seq Scan(cost=2290.7)))))))"",
    ""Sort(cost=2272521.0)(Aggregate(cost=2217635.8)(Gather Merge(cost=2121004.7)(Aggregate(cost=894518.6)(Sort(cost=860803.2)(Hash Join(cost=416220.2)(Seq Scan(cost=328235.0); Hash(cost=66083.3)(Seq Scan(cost=66083.3))))))))"",
    ""Sort(cost=35851.1)(Aggregate(cost=35797.7)(Gather Merge(cost=35725.1)(Aggregate(cost=34431.2)(Sort(cost=34405.7)(Nested Loop(cost=34336.9)(Bitmap Heap Scan(cost=18484.6)(Bitmap Index Scan(cost=100.9)); Index Scan(cost=7.0)))))))"",
    ""Gather(cost=15932.2)(Hash Join(cost=14498.3)(Nested Loop(cost=14493.4)(Merge Join(cost=7288.1)(Index Scan(cost=85896.2); Sort(cost=925.5)(Bitmap Heap Scan(cost=412.5)(Bitmap Index Scan(cost=142.3)))); Index Scan(cost=6.6)); Hash(cost=1.2)(Seq Scan(cost=1.2))))"",
    ""Sort(cost=134603.1)(Aggregate(cost=130885.1)(Gather(cost=126006.2)(Aggregate(cost=83187.4)(Hash Join(cost=79408.6)(Seq Scan(cost=27206.5); Hash(cost=45515.2)(Seq Scan(cost=45515.2)))))))"",
    ""Sort(cost=149815.5)(Aggregate(cost=146097.5)(Gather(cost=141218.6)(Aggregate(cost=98399.8)(Hash Join(cost=92870.8)(Seq Scan(cost=39047.3); Hash(cost=45515.2)(Seq Scan(cost=45515.2)))))))"",
    ""Sort(cost=25.8)(Aggregate(cost=25.8)(Sort(cost=25.8)(Nested Loop(cost=25.8)(Index Scan(cost=17.3); Index Scan(cost=8.4)))))""
  ]",8,0.582459159,0.524213243
job_0,"{'shared_buffers': 170032.0, 'work_mem': 90647.0, 'maintenance_work_mem': 1390515.0, 'effective_cache_size': 777820.0, 'max_connections': 492.0, 'wal_buffers': 6841.0, 'checkpoint_completion_target': 0.6566369032851118, 'checkpoint_timeout': 717.0, 'effective_io_concurrency': 131.0, 'join_collapse_limit': 13.0, 'from_collapse_limit': 14.0, 'bgwriter_delay': 266.0, 'bgwriter_lru_multiplier': 2.3158510030978596, 'default_statistics_target': 496.0, 'max_parallel_workers_per_gather': 3.0}","{'xact_commit': 38.0, 'xact_rollback': 0.0, 'blks_read': 929629.0, 'blks_hit': 41813.0, 'tup_returned': 113866630.0, 'tup_fetched': 200239.0, 'tup_inserted': 0.0, 'conflicts': 0.0, 'tup_updated': 0.0, 'tup_deleted': 0.0, 'disk_read_count': 951242.0, 'disk_write_count': 0.0, 'disk_read_bytes': 7792574464.0, 'disk_write_bytes': 0.0}","{
  ""size"": 10,
  ""read_ratio"": 0.9,
  ""group_by_ratio"": 0.9,
  ""order_by_ratio"": 0.9,
  ""avg_query_length"": 502.0,
  ""avg_joins"": 2.1,
  ""filter_ratio"": 0.8
}","[
    ""Sort(cost=493864.3)(Aggregate(cost=490146.2)(Gather(cost=482131.0)(Aggregate(cost=397493.4)(Hash Join(cost=378982.9)(Seq Scan(cost=313133.2); Hash(cost=45515.2)(Seq Scan(cost=45515.2)))))))"",
    ""Sort(cost=104997.7)(Aggregate(cost=101431.3)(Gather(cost=96735.4)(Aggregate(cost=55484.4)(Hash Join(cost=46846.0)(Seq Scan(cost=39047.3); Hash(cost=2290.7)(Seq Scan(cost=2290.7)))))))"",
    ""Sort(cost=2272521.0)(Aggregate(cost=2217635.8)(Gather Merge(cost=2121004.7)(Aggregate(cost=894518.6)(Sort(cost=860803.2)(Hash Join(cost=416220.2)(Seq Scan(cost=328235.0); Hash(cost=66083.3)(Seq Scan(cost=66083.3))))))))"",
    ""Sort(cost=35851.1)(Aggregate(cost=35797.7)(Gather Merge(cost=35725.1)(Aggregate(cost=34431.2)(Sort(cost=34405.7)(Nested Loop(cost=34336.9)(Bitmap Heap Scan(cost=18484.6)(Bitmap Index Scan(cost=100.9)); Index Scan(cost=7.0)))))))"",
    ""Gather(cost=15932.2)(Hash Join(cost=14498.3)(Nested Loop(cost=14493.4)(Merge Join(cost=7288.1)(Index Scan(cost=85896.2); Sort(cost=925.5)(Bitmap Heap Scan(cost=412.5)(Bitmap Index Scan(cost=142.3)))); Index Scan(cost=6.6)); Hash(cost=1.2)(Seq Scan(cost=1.2))))"",
    ""Sort(cost=134603.1)(Aggregate(cost=130885.1)(Gather(cost=126006.2)(Aggregate(cost=83187.4)(Hash Join(cost=79408.6)(Seq Scan(cost=27206.5); Hash(cost=45515.2)(Seq Scan(cost=45515.2)))))))"",
    ""Sort(cost=149815.5)(Aggregate(cost=146097.5)(Gather(cost=141218.6)(Aggregate(cost=98399.8)(Hash Join(cost=92870.8)(Seq Scan(cost=39047.3); Hash(cost=45515.2)(Seq Scan(cost=45515.2)))))))"",
    ""Sort(cost=25.8)(Aggregate(cost=25.8)(Sort(cost=25.8)(Nested Loop(cost=25.8)(Index Scan(cost=17.3); Index Scan(cost=8.4)))))""
  ]",8,0.595206893,0.535686204
job_0,"{'shared_buffers': 128912.0, 'work_mem': 90699.0, 'maintenance_work_mem': 1347246.0, 'effective_cache_size': 880916.0, 'max_connections': 473.0, 'wal_buffers': 7619.0, 'checkpoint_completion_target': 0.6440498994920466, 'checkpoint_timeout': 405.0, 'effective_io_concurrency': 131.0, 'join_collapse_limit': 13.0, 'from_collapse_limit': 17.0, 'bgwriter_delay': 114.0, 'bgwriter_lru_multiplier': 2.0877354493565683, 'default_statistics_target': 202.0, 'max_parallel_workers_per_gather': 3.0}","{'xact_commit': 38.0, 'xact_rollback': 0.0, 'blks_read': 929629.0, 'blks_hit': 41813.0, 'tup_returned': 113866630.0, 'tup_fetched': 200239.0, 'tup_inserted': 0.0, 'conflicts': 0.0, 'tup_updated': 0.0, 'tup_deleted': 0.0, 'disk_read_count': 951242.0, 'disk_write_count': 0.0, 'disk_read_bytes': 7792574464.0, 'disk_write_bytes': 0.0}","{
  ""size"": 10,
  ""read_ratio"": 0.9,
  ""group_by_ratio"": 0.9,
  ""order_by_ratio"": 0.9,
  ""avg_query_length"": 502.0,
  ""avg_joins"": 2.1,
  ""filter_ratio"": 0.8
}","[
    ""Sort(cost=493864.3)(Aggregate(cost=490146.2)(Gather(cost=482131.0)(Aggregate(cost=397493.4)(Hash Join(cost=378982.9)(Seq Scan(cost=313133.2); Hash(cost=45515.2)(Seq Scan(cost=45515.2)))))))"",
    ""Sort(cost=104997.7)(Aggregate(cost=101431.3)(Gather(cost=96735.4)(Aggregate(cost=55484.4)(Hash Join(cost=46846.0)(Seq Scan(cost=39047.3); Hash(cost=2290.7)(Seq Scan(cost=2290.7)))))))"",
    ""Sort(cost=2272521.0)(Aggregate(cost=2217635.8)(Gather Merge(cost=2121004.7)(Aggregate(cost=894518.6)(Sort(cost=860803.2)(Hash Join(cost=416220.2)(Seq Scan(cost=328235.0); Hash(cost=66083.3)(Seq Scan(cost=66083.3))))))))"",
    ""Sort(cost=35851.1)(Aggregate(cost=35797.7)(Gather Merge(cost=35725.1)(Aggregate(cost=34431.2)(Sort(cost=34405.7)(Nested Loop(cost=34336.9)(Bitmap Heap Scan(cost=18484.6)(Bitmap Index Scan(cost=100.9)); Index Scan(cost=7.0)))))))"",
    ""Gather(cost=15932.2)(Hash Join(cost=14498.3)(Nested Loop(cost=14493.4)(Merge Join(cost=7288.1)(Index Scan(cost=85896.2); Sort(cost=925.5)(Bitmap Heap Scan(cost=412.5)(Bitmap Index Scan(cost=142.3)))); Index Scan(cost=6.6)); Hash(cost=1.2)(Seq Scan(cost=1.2))))"",
    ""Sort(cost=134603.1)(Aggregate(cost=130885.1)(Gather(cost=126006.2)(Aggregate(cost=83187.4)(Hash Join(cost=79408.6)(Seq Scan(cost=27206.5); Hash(cost=45515.2)(Seq Scan(cost=45515.2)))))))"",
    ""Sort(cost=149815.5)(Aggregate(cost=146097.5)(Gather(cost=141218.6)(Aggregate(cost=98399.8)(Hash Join(cost=92870.8)(Seq Scan(cost=39047.3); Hash(cost=45515.2)(Seq Scan(cost=45515.2)))))))"",
    ""Sort(cost=25.8)(Aggregate(cost=25.8)(Sort(cost=25.8)(Nested Loop(cost=25.8)(Index Scan(cost=17.3); Index Scan(cost=8.4)))))""
  ]",8,0.42856956,0.385712604
job_0,"{'shared_buffers': 128795.0, 'work_mem': 70969.0, 'maintenance_work_mem': 1438773.0, 'effective_cache_size': 729840.0, 'max_connections': 493.0, 'wal_buffers': 6017.0, 'checkpoint_completion_target': 0.6108738814163431, 'checkpoint_timeout': 727.0, 'effective_io_concurrency': 137.0, 'join_collapse_limit': 13.0, 'from_collapse_limit': 14.0, 'bgwriter_delay': 289.0, 'bgwriter_lru_multiplier': 2.2631827241390274, 'default_statistics_target': 350.0, 'max_parallel_workers_per_gather': 3.0}","{'xact_commit': 38.0, 'xact_rollback': 0.0, 'blks_read': 929629.0, 'blks_hit': 41813.0, 'tup_returned': 113866630.0, 'tup_fetched': 200239.0, 'tup_inserted': 0.0, 'conflicts': 0.0, 'tup_updated': 0.0, 'tup_deleted': 0.0, 'disk_read_count': 951242.0, 'disk_write_count': 0.0, 'disk_read_bytes': 7792574464.0, 'disk_write_bytes': 0.0}","{
  ""size"": 10,
  ""read_ratio"": 0.9,
  ""group_by_ratio"": 0.9,
  ""order_by_ratio"": 0.9,
  ""avg_query_length"": 502.0,
  ""avg_joins"": 2.1,
  ""filter_ratio"": 0.8
}","[
    ""Sort(cost=493864.3)(Aggregate(cost=490146.2)(Gather(cost=482131.0)(Aggregate(cost=397493.4)(Hash Join(cost=378982.9)(Seq Scan(cost=313133.2); Hash(cost=45515.2)(Seq Scan(cost=45515.2)))))))"",
    ""Sort(cost=104997.7)(Aggregate(cost=101431.3)(Gather(cost=96735.4)(Aggregate(cost=55484.4)(Hash Join(cost=46846.0)(Seq Scan(cost=39047.3); Hash(cost=2290.7)(Seq Scan(cost=2290.7)))))))"",
    ""Sort(cost=2272521.0)(Aggregate(cost=2217635.8)(Gather Merge(cost=2121004.7)(Aggregate(cost=894518.6)(Sort(cost=860803.2)(Hash Join(cost=416220.2)(Seq Scan(cost=328235.0); Hash(cost=66083.3)(Seq Scan(cost=66083.3))))))))"",
    ""Sort(cost=35851.1)(Aggregate(cost=35797.7)(Gather Merge(cost=35725.1)(Aggregate(cost=34431.2)(Sort(cost=34405.7)(Nested Loop(cost=34336.9)(Bitmap Heap Scan(cost=18484.6)(Bitmap Index Scan(cost=100.9)); Index Scan(cost=7.0)))))))"",
    ""Gather(cost=15932.2)(Hash Join(cost=14498.3)(Nested Loop(cost=14493.4)(Merge Join(cost=7288.1)(Index Scan(cost=85896.2); Sort(cost=925.5)(Bitmap Heap Scan(cost=412.5)(Bitmap Index Scan(cost=142.3)))); Index Scan(cost=6.6)); Hash(cost=1.2)(Seq Scan(cost=1.2))))"",
    ""Sort(cost=134603.1)(Aggregate(cost=130885.1)(Gather(cost=126006.2)(Aggregate(cost=83187.4)(Hash Join(cost=79408.6)(Seq Scan(cost=27206.5); Hash(cost=45515.2)(Seq Scan(cost=45515.2)))))))"",
    ""Sort(cost=149815.5)(Aggregate(cost=146097.5)(Gather(cost=141218.6)(Aggregate(cost=98399.8)(Hash Join(cost=92870.8)(Seq Scan(cost=39047.3); Hash(cost=45515.2)(Seq Scan(cost=45515.2)))))))"",
    ""Sort(cost=25.8)(Aggregate(cost=25.8)(Sort(cost=25.8)(Nested Loop(cost=25.8)(Index Scan(cost=17.3); Index Scan(cost=8.4)))))""
  ]",8,0.592990858,0.533691773
job_0,"{'shared_buffers': 180658.0, 'work_mem': 122362.0, 'maintenance_work_mem': 1440139.0, 'effective_cache_size': 751817.0, 'max_connections': 491.0, 'wal_buffers': 7774.0, 'checkpoint_completion_target': 0.6154949619961319, 'checkpoint_timeout': 718.0, 'effective_io_concurrency': 142.0, 'join_collapse_limit': 13.0, 'from_collapse_limit': 15.0, 'bgwriter_delay': 288.0, 'bgwriter_lru_multiplier': 2.360374386685731, 'default_statistics_target': 317.0, 'max_parallel_workers_per_gather': 3.0}","{'xact_commit': 38.0, 'xact_rollback': 0.0, 'blks_read': 929629.0, 'blks_hit': 41813.0, 'tup_returned': 113866630.0, 'tup_fetched': 200239.0, 'tup_inserted': 0.0, 'conflicts': 0.0, 'tup_updated': 0.0, 'tup_deleted': 0.0, 'disk_read_count': 951242.0, 'disk_write_count': 0.0, 'disk_read_bytes': 7792574464.0, 'disk_write_bytes': 0.0}","{
  ""size"": 10,
  ""read_ratio"": 0.9,
  ""group_by_ratio"": 0.9,
  ""order_by_ratio"": 0.9,
  ""avg_query_length"": 502.0,
  ""avg_joins"": 2.1,
  ""filter_ratio"": 0.8
}","[
    ""Sort(cost=493864.3)(Aggregate(cost=490146.2)(Gather(cost=482131.0)(Aggregate(cost=397493.4)(Hash Join(cost=378982.9)(Seq Scan(cost=313133.2); Hash(cost=45515.2)(Seq Scan(cost=45515.2)))))))"",
    ""Sort(cost=104997.7)(Aggregate(cost=101431.3)(Gather(cost=96735.4)(Aggregate(cost=55484.4)(Hash Join(cost=46846.0)(Seq Scan(cost=39047.3); Hash(cost=2290.7)(Seq Scan(cost=2290.7)))))))"",
    ""Sort(cost=2272521.0)(Aggregate(cost=2217635.8)(Gather Merge(cost=2121004.7)(Aggregate(cost=894518.6)(Sort(cost=860803.2)(Hash Join(cost=416220.2)(Seq Scan(cost=328235.0); Hash(cost=66083.3)(Seq Scan(cost=66083.3))))))))"",
    ""Sort(cost=35851.1)(Aggregate(cost=35797.7)(Gather Merge(cost=35725.1)(Aggregate(cost=34431.2)(Sort(cost=34405.7)(Nested Loop(cost=34336.9)(Bitmap Heap Scan(cost=18484.6)(Bitmap Index Scan(cost=100.9)); Index Scan(cost=7.0)))))))"",
    ""Gather(cost=15932.2)(Hash Join(cost=14498.3)(Nested Loop(cost=14493.4)(Merge Join(cost=7288.1)(Index Scan(cost=85896.2); Sort(cost=925.5)(Bitmap Heap Scan(cost=412.5)(Bitmap Index Scan(cost=142.3)))); Index Scan(cost=6.6)); Hash(cost=1.2)(Seq Scan(cost=1.2))))"",
    ""Sort(cost=134603.1)(Aggregate(cost=130885.1)(Gather(cost=126006.2)(Aggregate(cost=83187.4)(Hash Join(cost=79408.6)(Seq Scan(cost=27206.5); Hash(cost=45515.2)(Seq Scan(cost=45515.2)))))))"",
    ""Sort(cost=149815.5)(Aggregate(cost=146097.5)(Gather(cost=141218.6)(Aggregate(cost=98399.8)(Hash Join(cost=92870.8)(Seq Scan(cost=39047.3); Hash(cost=45515.2)(Seq Scan(cost=45515.2)))))))"",
    ""Sort(cost=25.8)(Aggregate(cost=25.8)(Sort(cost=25.8)(Nested Loop(cost=25.8)(Index Scan(cost=17.3); Index Scan(cost=8.4)))))""
  ]",8,0.576598964,0.518939068
job_0,"{'shared_buffers': 35912.0, 'work_mem': 90625.0, 'maintenance_work_mem': 1439988.0, 'effective_cache_size': 741742.0, 'max_connections': 499.0, 'wal_buffers': 6737.0, 'checkpoint_completion_target': 0.7129628539545044, 'checkpoint_timeout': 836.0, 'effective_io_concurrency': 134.0, 'join_collapse_limit': 13.0, 'from_collapse_limit': 15.0, 'bgwriter_delay': 292.0, 'bgwriter_lru_multiplier': 2.3768961972589935, 'default_statistics_target': 183.0, 'max_parallel_workers_per_gather': 3.0}","{'xact_commit': 38.0, 'xact_rollback': 0.0, 'blks_read': 929629.0, 'blks_hit': 41813.0, 'tup_returned': 113866630.0, 'tup_fetched': 200239.0, 'tup_inserted': 0.0, 'conflicts': 0.0, 'tup_updated': 0.0, 'tup_deleted': 0.0, 'disk_read_count': 951242.0, 'disk_write_count': 0.0, 'disk_read_bytes': 7792574464.0, 'disk_write_bytes': 0.0}","{
  ""size"": 10,
  ""read_ratio"": 0.9,
  ""group_by_ratio"": 0.9,
  ""order_by_ratio"": 0.9,
  ""avg_query_length"": 502.0,
  ""avg_joins"": 2.1,
  ""filter_ratio"": 0.8
}","[
    ""Sort(cost=493864.3)(Aggregate(cost=490146.2)(Gather(cost=482131.0)(Aggregate(cost=397493.4)(Hash Join(cost=378982.9)(Seq Scan(cost=313133.2); Hash(cost=45515.2)(Seq Scan(cost=45515.2)))))))"",
    ""Sort(cost=104997.7)(Aggregate(cost=101431.3)(Gather(cost=96735.4)(Aggregate(cost=55484.4)(Hash Join(cost=46846.0)(Seq Scan(cost=39047.3); Hash(cost=2290.7)(Seq Scan(cost=2290.7)))))))"",
    ""Sort(cost=2272521.0)(Aggregate(cost=2217635.8)(Gather Merge(cost=2121004.7)(Aggregate(cost=894518.6)(Sort(cost=860803.2)(Hash Join(cost=416220.2)(Seq Scan(cost=328235.0); Hash(cost=66083.3)(Seq Scan(cost=66083.3))))))))"",
    ""Sort(cost=35851.1)(Aggregate(cost=35797.7)(Gather Merge(cost=35725.1)(Aggregate(cost=34431.2)(Sort(cost=34405.7)(Nested Loop(cost=34336.9)(Bitmap Heap Scan(cost=18484.6)(Bitmap Index Scan(cost=100.9)); Index Scan(cost=7.0)))))))"",
    ""Gather(cost=15932.2)(Hash Join(cost=14498.3)(Nested Loop(cost=14493.4)(Merge Join(cost=7288.1)(Index Scan(cost=85896.2); Sort(cost=925.5)(Bitmap Heap Scan(cost=412.5)(Bitmap Index Scan(cost=142.3)))); Index Scan(cost=6.6)); Hash(cost=1.2)(Seq Scan(cost=1.2))))"",
    ""Sort(cost=134603.1)(Aggregate(cost=130885.1)(Gather(cost=126006.2)(Aggregate(cost=83187.4)(Hash Join(cost=79408.6)(Seq Scan(cost=27206.5); Hash(cost=45515.2)(Seq Scan(cost=45515.2)))))))"",
    ""Sort(cost=149815.5)(Aggregate(cost=146097.5)(Gather(cost=141218.6)(Aggregate(cost=98399.8)(Hash Join(cost=92870.8)(Seq Scan(cost=39047.3); Hash(cost=45515.2)(Seq Scan(cost=45515.2)))))))"",
    ""Sort(cost=25.8)(Aggregate(cost=25.8)(Sort(cost=25.8)(Nested Loop(cost=25.8)(Index Scan(cost=17.3); Index Scan(cost=8.4)))))""
  ]",8,0.373495201,0.33614568
job_0,"{'shared_buffers': 165702.0, 'work_mem': 68306.0, 'maintenance_work_mem': 1439180.0, 'effective_cache_size': 778489.0, 'max_connections': 496.0, 'wal_buffers': 3809.0, 'checkpoint_completion_target': 0.6645833719310532, 'checkpoint_timeout': 826.0, 'effective_io_concurrency': 138.0, 'join_collapse_limit': 13.0, 'from_collapse_limit': 15.0, 'bgwriter_delay': 808.0, 'bgwriter_lru_multiplier': 2.390476292418865, 'default_statistics_target': 205.0, 'max_parallel_workers_per_gather': 3.0}","{'xact_commit': 38.0, 'xact_rollback': 0.0, 'blks_read': 929629.0, 'blks_hit': 41813.0, 'tup_returned': 113866630.0, 'tup_fetched': 200239.0, 'tup_inserted': 0.0, 'conflicts': 0.0, 'tup_updated': 0.0, 'tup_deleted': 0.0, 'disk_read_count': 951242.0, 'disk_write_count': 0.0, 'disk_read_bytes': 7792574464.0, 'disk_write_bytes': 0.0}","{
  ""size"": 10,
  ""read_ratio"": 0.9,
  ""group_by_ratio"": 0.9,
  ""order_by_ratio"": 0.9,
  ""avg_query_length"": 502.0,
  ""avg_joins"": 2.1,
  ""filter_ratio"": 0.8
}","[
    ""Sort(cost=493864.3)(Aggregate(cost=490146.2)(Gather(cost=482131.0)(Aggregate(cost=397493.4)(Hash Join(cost=378982.9)(Seq Scan(cost=313133.2); Hash(cost=45515.2)(Seq Scan(cost=45515.2)))))))"",
    ""Sort(cost=104997.7)(Aggregate(cost=101431.3)(Gather(cost=96735.4)(Aggregate(cost=55484.4)(Hash Join(cost=46846.0)(Seq Scan(cost=39047.3); Hash(cost=2290.7)(Seq Scan(cost=2290.7)))))))"",
    ""Sort(cost=2272521.0)(Aggregate(cost=2217635.8)(Gather Merge(cost=2121004.7)(Aggregate(cost=894518.6)(Sort(cost=860803.2)(Hash Join(cost=416220.2)(Seq Scan(cost=328235.0); Hash(cost=66083.3)(Seq Scan(cost=66083.3))))))))"",
    ""Sort(cost=35851.1)(Aggregate(cost=35797.7)(Gather Merge(cost=35725.1)(Aggregate(cost=34431.2)(Sort(cost=34405.7)(Nested Loop(cost=34336.9)(Bitmap Heap Scan(cost=18484.6)(Bitmap Index Scan(cost=100.9)); Index Scan(cost=7.0)))))))"",
    ""Gather(cost=15932.2)(Hash Join(cost=14498.3)(Nested Loop(cost=14493.4)(Merge Join(cost=7288.1)(Index Scan(cost=85896.2); Sort(cost=925.5)(Bitmap Heap Scan(cost=412.5)(Bitmap Index Scan(cost=142.3)))); Index Scan(cost=6.6)); Hash(cost=1.2)(Seq Scan(cost=1.2))))"",
    ""Sort(cost=134603.1)(Aggregate(cost=130885.1)(Gather(cost=126006.2)(Aggregate(cost=83187.4)(Hash Join(cost=79408.6)(Seq Scan(cost=27206.5); Hash(cost=45515.2)(Seq Scan(cost=45515.2)))))))"",
    ""Sort(cost=149815.5)(Aggregate(cost=146097.5)(Gather(cost=141218.6)(Aggregate(cost=98399.8)(Hash Join(cost=92870.8)(Seq Scan(cost=39047.3); Hash(cost=45515.2)(Seq Scan(cost=45515.2)))))))"",
    ""Sort(cost=25.8)(Aggregate(cost=25.8)(Sort(cost=25.8)(Nested Loop(cost=25.8)(Index Scan(cost=17.3); Index Scan(cost=8.4)))))""
  ]",8,0.561382177,0.50524396
job_0,"{'shared_buffers': 151549.0, 'work_mem': 95522.0, 'maintenance_work_mem': 1447365.0, 'effective_cache_size': 777310.0, 'max_connections': 498.0, 'wal_buffers': 6205.0, 'checkpoint_completion_target': 0.6633267422188677, 'checkpoint_timeout': 771.0, 'effective_io_concurrency': 143.0, 'join_collapse_limit': 13.0, 'from_collapse_limit': 14.0, 'bgwriter_delay': 296.0, 'bgwriter_lru_multiplier': 2.409156590788026, 'default_statistics_target': 307.0, 'max_parallel_workers_per_gather': 3.0}","{'xact_commit': 38.0, 'xact_rollback': 0.0, 'blks_read': 929629.0, 'blks_hit': 41813.0, 'tup_returned': 113866630.0, 'tup_fetched': 200239.0, 'tup_inserted': 0.0, 'conflicts': 0.0, 'tup_updated': 0.0, 'tup_deleted': 0.0, 'disk_read_count': 951242.0, 'disk_write_count': 0.0, 'disk_read_bytes': 7792574464.0, 'disk_write_bytes': 0.0}","{
  ""size"": 10,
  ""read_ratio"": 0.9,
  ""group_by_ratio"": 0.9,
  ""order_by_ratio"": 0.9,
  ""avg_query_length"": 502.0,
  ""avg_joins"": 2.1,
  ""filter_ratio"": 0.8
}","[
    ""Sort(cost=493864.3)(Aggregate(cost=490146.2)(Gather(cost=482131.0)(Aggregate(cost=397493.4)(Hash Join(cost=378982.9)(Seq Scan(cost=313133.2); Hash(cost=45515.2)(Seq Scan(cost=45515.2)))))))"",
    ""Sort(cost=104997.7)(Aggregate(cost=101431.3)(Gather(cost=96735.4)(Aggregate(cost=55484.4)(Hash Join(cost=46846.0)(Seq Scan(cost=39047.3); Hash(cost=2290.7)(Seq Scan(cost=2290.7)))))))"",
    ""Sort(cost=2272521.0)(Aggregate(cost=2217635.8)(Gather Merge(cost=2121004.7)(Aggregate(cost=894518.6)(Sort(cost=860803.2)(Hash Join(cost=416220.2)(Seq Scan(cost=328235.0); Hash(cost=66083.3)(Seq Scan(cost=66083.3))))))))"",
    ""Sort(cost=35851.1)(Aggregate(cost=35797.7)(Gather Merge(cost=35725.1)(Aggregate(cost=34431.2)(Sort(cost=34405.7)(Nested Loop(cost=34336.9)(Bitmap Heap Scan(cost=18484.6)(Bitmap Index Scan(cost=100.9)); Index Scan(cost=7.0)))))))"",
    ""Gather(cost=15932.2)(Hash Join(cost=14498.3)(Nested Loop(cost=14493.4)(Merge Join(cost=7288.1)(Index Scan(cost=85896.2); Sort(cost=925.5)(Bitmap Heap Scan(cost=412.5)(Bitmap Index Scan(cost=142.3)))); Index Scan(cost=6.6)); Hash(cost=1.2)(Seq Scan(cost=1.2))))"",
    ""Sort(cost=134603.1)(Aggregate(cost=130885.1)(Gather(cost=126006.2)(Aggregate(cost=83187.4)(Hash Join(cost=79408.6)(Seq Scan(cost=27206.5); Hash(cost=45515.2)(Seq Scan(cost=45515.2)))))))"",
    ""Sort(cost=149815.5)(Aggregate(cost=146097.5)(Gather(cost=141218.6)(Aggregate(cost=98399.8)(Hash Join(cost=92870.8)(Seq Scan(cost=39047.3); Hash(cost=45515.2)(Seq Scan(cost=45515.2)))))))"",
    ""Sort(cost=25.8)(Aggregate(cost=25.8)(Sort(cost=25.8)(Nested Loop(cost=25.8)(Index Scan(cost=17.3); Index Scan(cost=8.4)))))""
  ]",8,0.417733307,0.375959977
job_0,"{'shared_buffers': 126283.0, 'work_mem': 72731.0, 'maintenance_work_mem': 1439798.0, 'effective_cache_size': 781934.0, 'max_connections': 468.0, 'wal_buffers': 6178.0, 'checkpoint_completion_target': 0.6286170061581989, 'checkpoint_timeout': 610.0, 'effective_io_concurrency': 134.0, 'join_collapse_limit': 13.0, 'from_collapse_limit': 15.0, 'bgwriter_delay': 277.0, 'bgwriter_lru_multiplier': 2.032382220656484, 'default_statistics_target': 200.0, 'max_parallel_workers_per_gather': 3.0}","{'xact_commit': 38.0, 'xact_rollback': 0.0, 'blks_read': 929629.0, 'blks_hit': 41813.0, 'tup_returned': 113866630.0, 'tup_fetched': 200239.0, 'tup_inserted': 0.0, 'conflicts': 0.0, 'tup_updated': 0.0, 'tup_deleted': 0.0, 'disk_read_count': 951242.0, 'disk_write_count': 0.0, 'disk_read_bytes': 7792574464.0, 'disk_write_bytes': 0.0}","{
  ""size"": 10,
  ""read_ratio"": 0.9,
  ""group_by_ratio"": 0.9,
  ""order_by_ratio"": 0.9,
  ""avg_query_length"": 502.0,
  ""avg_joins"": 2.1,
  ""filter_ratio"": 0.8
}","[
    ""Sort(cost=493864.3)(Aggregate(cost=490146.2)(Gather(cost=482131.0)(Aggregate(cost=397493.4)(Hash Join(cost=378982.9)(Seq Scan(cost=313133.2); Hash(cost=45515.2)(Seq Scan(cost=45515.2)))))))"",
    ""Sort(cost=104997.7)(Aggregate(cost=101431.3)(Gather(cost=96735.4)(Aggregate(cost=55484.4)(Hash Join(cost=46846.0)(Seq Scan(cost=39047.3); Hash(cost=2290.7)(Seq Scan(cost=2290.7)))))))"",
    ""Sort(cost=2272521.0)(Aggregate(cost=2217635.8)(Gather Merge(cost=2121004.7)(Aggregate(cost=894518.6)(Sort(cost=860803.2)(Hash Join(cost=416220.2)(Seq Scan(cost=328235.0); Hash(cost=66083.3)(Seq Scan(cost=66083.3))))))))"",
    ""Sort(cost=35851.1)(Aggregate(cost=35797.7)(Gather Merge(cost=35725.1)(Aggregate(cost=34431.2)(Sort(cost=34405.7)(Nested Loop(cost=34336.9)(Bitmap Heap Scan(cost=18484.6)(Bitmap Index Scan(cost=100.9)); Index Scan(cost=7.0)))))))"",
    ""Gather(cost=15932.2)(Hash Join(cost=14498.3)(Nested Loop(cost=14493.4)(Merge Join(cost=7288.1)(Index Scan(cost=85896.2); Sort(cost=925.5)(Bitmap Heap Scan(cost=412.5)(Bitmap Index Scan(cost=142.3)))); Index Scan(cost=6.6)); Hash(cost=1.2)(Seq Scan(cost=1.2))))"",
    ""Sort(cost=134603.1)(Aggregate(cost=130885.1)(Gather(cost=126006.2)(Aggregate(cost=83187.4)(Hash Join(cost=79408.6)(Seq Scan(cost=27206.5); Hash(cost=45515.2)(Seq Scan(cost=45515.2)))))))"",
    ""Sort(cost=149815.5)(Aggregate(cost=146097.5)(Gather(cost=141218.6)(Aggregate(cost=98399.8)(Hash Join(cost=92870.8)(Seq Scan(cost=39047.3); Hash(cost=45515.2)(Seq Scan(cost=45515.2)))))))"",
    ""Sort(cost=25.8)(Aggregate(cost=25.8)(Sort(cost=25.8)(Nested Loop(cost=25.8)(Index Scan(cost=17.3); Index Scan(cost=8.4)))))""
  ]",8,0.561297577,0.505167819
job_0,"{'shared_buffers': 170795.0, 'work_mem': 90544.0, 'maintenance_work_mem': 1497287.0, 'effective_cache_size': 729866.0, 'max_connections': 462.0, 'wal_buffers': 6195.0, 'checkpoint_completion_target': 0.6264358854652283, 'checkpoint_timeout': 728.0, 'effective_io_concurrency': 141.0, 'join_collapse_limit': 13.0, 'from_collapse_limit': 15.0, 'bgwriter_delay': 295.0, 'bgwriter_lru_multiplier': 2.458738868470163, 'default_statistics_target': 158.0, 'max_parallel_workers_per_gather': 3.0}","{'xact_commit': 38.0, 'xact_rollback': 0.0, 'blks_read': 929629.0, 'blks_hit': 41813.0, 'tup_returned': 113866630.0, 'tup_fetched': 200239.0, 'tup_inserted': 0.0, 'conflicts': 0.0, 'tup_updated': 0.0, 'tup_deleted': 0.0, 'disk_read_count': 951242.0, 'disk_write_count': 0.0, 'disk_read_bytes': 7792574464.0, 'disk_write_bytes': 0.0}","{
  ""size"": 10,
  ""read_ratio"": 0.9,
  ""group_by_ratio"": 0.9,
  ""order_by_ratio"": 0.9,
  ""avg_query_length"": 502.0,
  ""avg_joins"": 2.1,
  ""filter_ratio"": 0.8
}","[
    ""Sort(cost=493864.3)(Aggregate(cost=490146.2)(Gather(cost=482131.0)(Aggregate(cost=397493.4)(Hash Join(cost=378982.9)(Seq Scan(cost=313133.2); Hash(cost=45515.2)(Seq Scan(cost=45515.2)))))))"",
    ""Sort(cost=104997.7)(Aggregate(cost=101431.3)(Gather(cost=96735.4)(Aggregate(cost=55484.4)(Hash Join(cost=46846.0)(Seq Scan(cost=39047.3); Hash(cost=2290.7)(Seq Scan(cost=2290.7)))))))"",
    ""Sort(cost=2272521.0)(Aggregate(cost=2217635.8)(Gather Merge(cost=2121004.7)(Aggregate(cost=894518.6)(Sort(cost=860803.2)(Hash Join(cost=416220.2)(Seq Scan(cost=328235.0); Hash(cost=66083.3)(Seq Scan(cost=66083.3))))))))"",
    ""Sort(cost=35851.1)(Aggregate(cost=35797.7)(Gather Merge(cost=35725.1)(Aggregate(cost=34431.2)(Sort(cost=34405.7)(Nested Loop(cost=34336.9)(Bitmap Heap Scan(cost=18484.6)(Bitmap Index Scan(cost=100.9)); Index Scan(cost=7.0)))))))"",
    ""Gather(cost=15932.2)(Hash Join(cost=14498.3)(Nested Loop(cost=14493.4)(Merge Join(cost=7288.1)(Index Scan(cost=85896.2); Sort(cost=925.5)(Bitmap Heap Scan(cost=412.5)(Bitmap Index Scan(cost=142.3)))); Index Scan(cost=6.6)); Hash(cost=1.2)(Seq Scan(cost=1.2))))"",
    ""Sort(cost=134603.1)(Aggregate(cost=130885.1)(Gather(cost=126006.2)(Aggregate(cost=83187.4)(Hash Join(cost=79408.6)(Seq Scan(cost=27206.5); Hash(cost=45515.2)(Seq Scan(cost=45515.2)))))))"",
    ""Sort(cost=149815.5)(Aggregate(cost=146097.5)(Gather(cost=141218.6)(Aggregate(cost=98399.8)(Hash Join(cost=92870.8)(Seq Scan(cost=39047.3); Hash(cost=45515.2)(Seq Scan(cost=45515.2)))))))"",
    ""Sort(cost=25.8)(Aggregate(cost=25.8)(Sort(cost=25.8)(Nested Loop(cost=25.8)(Index Scan(cost=17.3); Index Scan(cost=8.4)))))""
  ]",8,0.566384658,0.509746192
job_0,"{'shared_buffers': 127807.0, 'work_mem': 90642.0, 'maintenance_work_mem': 1439181.0, 'effective_cache_size': 777423.0, 'max_connections': 471.0, 'wal_buffers': 6198.0, 'checkpoint_completion_target': 0.6277631003567087, 'checkpoint_timeout': 731.0, 'effective_io_concurrency': 143.0, 'join_collapse_limit': 13.0, 'from_collapse_limit': 14.0, 'bgwriter_delay': 292.0, 'bgwriter_lru_multiplier': 2.647278827516539, 'default_statistics_target': 133.0, 'max_parallel_workers_per_gather': 3.0}","{'xact_commit': 38.0, 'xact_rollback': 0.0, 'blks_read': 929629.0, 'blks_hit': 41813.0, 'tup_returned': 113866630.0, 'tup_fetched': 200239.0, 'tup_inserted': 0.0, 'conflicts': 0.0, 'tup_updated': 0.0, 'tup_deleted': 0.0, 'disk_read_count': 951242.0, 'disk_write_count': 0.0, 'disk_read_bytes': 7792574464.0, 'disk_write_bytes': 0.0}","{
  ""size"": 10,
  ""read_ratio"": 0.9,
  ""group_by_ratio"": 0.9,
  ""order_by_ratio"": 0.9,
  ""avg_query_length"": 502.0,
  ""avg_joins"": 2.1,
  ""filter_ratio"": 0.8
}","[
    ""Sort(cost=493864.3)(Aggregate(cost=490146.2)(Gather(cost=482131.0)(Aggregate(cost=397493.4)(Hash Join(cost=378982.9)(Seq Scan(cost=313133.2); Hash(cost=45515.2)(Seq Scan(cost=45515.2)))))))"",
    ""Sort(cost=104997.7)(Aggregate(cost=101431.3)(Gather(cost=96735.4)(Aggregate(cost=55484.4)(Hash Join(cost=46846.0)(Seq Scan(cost=39047.3); Hash(cost=2290.7)(Seq Scan(cost=2290.7)))))))"",
    ""Sort(cost=2272521.0)(Aggregate(cost=2217635.8)(Gather Merge(cost=2121004.7)(Aggregate(cost=894518.6)(Sort(cost=860803.2)(Hash Join(cost=416220.2)(Seq Scan(cost=328235.0); Hash(cost=66083.3)(Seq Scan(cost=66083.3))))))))"",
    ""Sort(cost=35851.1)(Aggregate(cost=35797.7)(Gather Merge(cost=35725.1)(Aggregate(cost=34431.2)(Sort(cost=34405.7)(Nested Loop(cost=34336.9)(Bitmap Heap Scan(cost=18484.6)(Bitmap Index Scan(cost=100.9)); Index Scan(cost=7.0)))))))"",
    ""Gather(cost=15932.2)(Hash Join(cost=14498.3)(Nested Loop(cost=14493.4)(Merge Join(cost=7288.1)(Index Scan(cost=85896.2); Sort(cost=925.5)(Bitmap Heap Scan(cost=412.5)(Bitmap Index Scan(cost=142.3)))); Index Scan(cost=6.6)); Hash(cost=1.2)(Seq Scan(cost=1.2))))"",
    ""Sort(cost=134603.1)(Aggregate(cost=130885.1)(Gather(cost=126006.2)(Aggregate(cost=83187.4)(Hash Join(cost=79408.6)(Seq Scan(cost=27206.5); Hash(cost=45515.2)(Seq Scan(cost=45515.2)))))))"",
    ""Sort(cost=149815.5)(Aggregate(cost=146097.5)(Gather(cost=141218.6)(Aggregate(cost=98399.8)(Hash Join(cost=92870.8)(Seq Scan(cost=39047.3); Hash(cost=45515.2)(Seq Scan(cost=45515.2)))))))"",
    ""Sort(cost=25.8)(Aggregate(cost=25.8)(Sort(cost=25.8)(Nested Loop(cost=25.8)(Index Scan(cost=17.3); Index Scan(cost=8.4)))))""
  ]",8,0.377331469,0.339598322
job_0,"{'shared_buffers': 133063.0, 'work_mem': 84492.0, 'maintenance_work_mem': 1446579.0, 'effective_cache_size': 776593.0, 'max_connections': 473.0, 'wal_buffers': 6216.0, 'checkpoint_completion_target': 0.6196290551785445, 'checkpoint_timeout': 731.0, 'effective_io_concurrency': 137.0, 'join_collapse_limit': 13.0, 'from_collapse_limit': 14.0, 'bgwriter_delay': 241.0, 'bgwriter_lru_multiplier': 2.05326273568092, 'default_statistics_target': 223.0, 'max_parallel_workers_per_gather': 3.0}","{'xact_commit': 38.0, 'xact_rollback': 0.0, 'blks_read': 929629.0, 'blks_hit': 41813.0, 'tup_returned': 113866630.0, 'tup_fetched': 200239.0, 'tup_inserted': 0.0, 'conflicts': 0.0, 'tup_updated': 0.0, 'tup_deleted': 0.0, 'disk_read_count': 951242.0, 'disk_write_count': 0.0, 'disk_read_bytes': 7792574464.0, 'disk_write_bytes': 0.0}","{
  ""size"": 10,
  ""read_ratio"": 0.9,
  ""group_by_ratio"": 0.9,
  ""order_by_ratio"": 0.9,
  ""avg_query_length"": 502.0,
  ""avg_joins"": 2.1,
  ""filter_ratio"": 0.8
}","[
    ""Sort(cost=493864.3)(Aggregate(cost=490146.2)(Gather(cost=482131.0)(Aggregate(cost=397493.4)(Hash Join(cost=378982.9)(Seq Scan(cost=313133.2); Hash(cost=45515.2)(Seq Scan(cost=45515.2)))))))"",
    ""Sort(cost=104997.7)(Aggregate(cost=101431.3)(Gather(cost=96735.4)(Aggregate(cost=55484.4)(Hash Join(cost=46846.0)(Seq Scan(cost=39047.3); Hash(cost=2290.7)(Seq Scan(cost=2290.7)))))))"",
    ""Sort(cost=2272521.0)(Aggregate(cost=2217635.8)(Gather Merge(cost=2121004.7)(Aggregate(cost=894518.6)(Sort(cost=860803.2)(Hash Join(cost=416220.2)(Seq Scan(cost=328235.0); Hash(cost=66083.3)(Seq Scan(cost=66083.3))))))))"",
    ""Sort(cost=35851.1)(Aggregate(cost=35797.7)(Gather Merge(cost=35725.1)(Aggregate(cost=34431.2)(Sort(cost=34405.7)(Nested Loop(cost=34336.9)(Bitmap Heap Scan(cost=18484.6)(Bitmap Index Scan(cost=100.9)); Index Scan(cost=7.0)))))))"",
    ""Gather(cost=15932.2)(Hash Join(cost=14498.3)(Nested Loop(cost=14493.4)(Merge Join(cost=7288.1)(Index Scan(cost=85896.2); Sort(cost=925.5)(Bitmap Heap Scan(cost=412.5)(Bitmap Index Scan(cost=142.3)))); Index Scan(cost=6.6)); Hash(cost=1.2)(Seq Scan(cost=1.2))))"",
    ""Sort(cost=134603.1)(Aggregate(cost=130885.1)(Gather(cost=126006.2)(Aggregate(cost=83187.4)(Hash Join(cost=79408.6)(Seq Scan(cost=27206.5); Hash(cost=45515.2)(Seq Scan(cost=45515.2)))))))"",
    ""Sort(cost=149815.5)(Aggregate(cost=146097.5)(Gather(cost=141218.6)(Aggregate(cost=98399.8)(Hash Join(cost=92870.8)(Seq Scan(cost=39047.3); Hash(cost=45515.2)(Seq Scan(cost=45515.2)))))))"",
    ""Sort(cost=25.8)(Aggregate(cost=25.8)(Sort(cost=25.8)(Nested Loop(cost=25.8)(Index Scan(cost=17.3); Index Scan(cost=8.4)))))""
  ]",8,0.561747258,0.505572532
job_0,"{'shared_buffers': 200793.0, 'work_mem': 98210.0, 'maintenance_work_mem': 1456292.0, 'effective_cache_size': 751828.0, 'max_connections': 473.0, 'wal_buffers': 6253.0, 'checkpoint_completion_target': 0.6274346941473943, 'checkpoint_timeout': 731.0, 'effective_io_concurrency': 143.0, 'join_collapse_limit': 13.0, 'from_collapse_limit': 18.0, 'bgwriter_delay': 320.0, 'bgwriter_lru_multiplier': 2.499868247527133, 'default_statistics_target': 220.0, 'max_parallel_workers_per_gather': 3.0}","{'xact_commit': 38.0, 'xact_rollback': 0.0, 'blks_read': 929629.0, 'blks_hit': 41813.0, 'tup_returned': 113866630.0, 'tup_fetched': 200239.0, 'tup_inserted': 0.0, 'conflicts': 0.0, 'tup_updated': 0.0, 'tup_deleted': 0.0, 'disk_read_count': 951242.0, 'disk_write_count': 0.0, 'disk_read_bytes': 7792574464.0, 'disk_write_bytes': 0.0}","{
  ""size"": 10,
  ""read_ratio"": 0.9,
  ""group_by_ratio"": 0.9,
  ""order_by_ratio"": 0.9,
  ""avg_query_length"": 502.0,
  ""avg_joins"": 2.1,
  ""filter_ratio"": 0.8
}","[
    ""Sort(cost=493864.3)(Aggregate(cost=490146.2)(Gather(cost=482131.0)(Aggregate(cost=397493.4)(Hash Join(cost=378982.9)(Seq Scan(cost=313133.2); Hash(cost=45515.2)(Seq Scan(cost=45515.2)))))))"",
    ""Sort(cost=104997.7)(Aggregate(cost=101431.3)(Gather(cost=96735.4)(Aggregate(cost=55484.4)(Hash Join(cost=46846.0)(Seq Scan(cost=39047.3); Hash(cost=2290.7)(Seq Scan(cost=2290.7)))))))"",
    ""Sort(cost=2272521.0)(Aggregate(cost=2217635.8)(Gather Merge(cost=2121004.7)(Aggregate(cost=894518.6)(Sort(cost=860803.2)(Hash Join(cost=416220.2)(Seq Scan(cost=328235.0); Hash(cost=66083.3)(Seq Scan(cost=66083.3))))))))"",
    ""Sort(cost=35851.1)(Aggregate(cost=35797.7)(Gather Merge(cost=35725.1)(Aggregate(cost=34431.2)(Sort(cost=34405.7)(Nested Loop(cost=34336.9)(Bitmap Heap Scan(cost=18484.6)(Bitmap Index Scan(cost=100.9)); Index Scan(cost=7.0)))))))"",
    ""Gather(cost=15932.2)(Hash Join(cost=14498.3)(Nested Loop(cost=14493.4)(Merge Join(cost=7288.1)(Index Scan(cost=85896.2); Sort(cost=925.5)(Bitmap Heap Scan(cost=412.5)(Bitmap Index Scan(cost=142.3)))); Index Scan(cost=6.6)); Hash(cost=1.2)(Seq Scan(cost=1.2))))"",
    ""Sort(cost=134603.1)(Aggregate(cost=130885.1)(Gather(cost=126006.2)(Aggregate(cost=83187.4)(Hash Join(cost=79408.6)(Seq Scan(cost=27206.5); Hash(cost=45515.2)(Seq Scan(cost=45515.2)))))))"",
    ""Sort(cost=149815.5)(Aggregate(cost=146097.5)(Gather(cost=141218.6)(Aggregate(cost=98399.8)(Hash Join(cost=92870.8)(Seq Scan(cost=39047.3); Hash(cost=45515.2)(Seq Scan(cost=45515.2)))))))"",
    ""Sort(cost=25.8)(Aggregate(cost=25.8)(Sort(cost=25.8)(Nested Loop(cost=25.8)(Index Scan(cost=17.3); Index Scan(cost=8.4)))))""
  ]",8,0.377260453,0.339534408
job_0,"{'shared_buffers': 145745.0, 'work_mem': 55170.0, 'maintenance_work_mem': 1437041.0, 'effective_cache_size': 641509.0, 'max_connections': 468.0, 'wal_buffers': 6142.0, 'checkpoint_completion_target': 0.6234662120682549, 'checkpoint_timeout': 732.0, 'effective_io_concurrency': 139.0, 'join_collapse_limit': 13.0, 'from_collapse_limit': 15.0, 'bgwriter_delay': 294.0, 'bgwriter_lru_multiplier': 2.635651425444505, 'default_statistics_target': 213.0, 'max_parallel_workers_per_gather': 3.0}","{'xact_commit': 38.0, 'xact_rollback': 0.0, 'blks_read': 929629.0, 'blks_hit': 41813.0, 'tup_returned': 113866630.0, 'tup_fetched': 200239.0, 'tup_inserted': 0.0, 'conflicts': 0.0, 'tup_updated': 0.0, 'tup_deleted': 0.0, 'disk_read_count': 951242.0, 'disk_write_count': 0.0, 'disk_read_bytes': 7792574464.0, 'disk_write_bytes': 0.0}","{
  ""size"": 10,
  ""read_ratio"": 0.9,
  ""group_by_ratio"": 0.9,
  ""order_by_ratio"": 0.9,
  ""avg_query_length"": 502.0,
  ""avg_joins"": 2.1,
  ""filter_ratio"": 0.8
}","[
    ""Sort(cost=493864.3)(Aggregate(cost=490146.2)(Gather(cost=482131.0)(Aggregate(cost=397493.4)(Hash Join(cost=378982.9)(Seq Scan(cost=313133.2); Hash(cost=45515.2)(Seq Scan(cost=45515.2)))))))"",
    ""Sort(cost=104997.7)(Aggregate(cost=101431.3)(Gather(cost=96735.4)(Aggregate(cost=55484.4)(Hash Join(cost=46846.0)(Seq Scan(cost=39047.3); Hash(cost=2290.7)(Seq Scan(cost=2290.7)))))))"",
    ""Sort(cost=2272521.0)(Aggregate(cost=2217635.8)(Gather Merge(cost=2121004.7)(Aggregate(cost=894518.6)(Sort(cost=860803.2)(Hash Join(cost=416220.2)(Seq Scan(cost=328235.0); Hash(cost=66083.3)(Seq Scan(cost=66083.3))))))))"",
    ""Sort(cost=35851.1)(Aggregate(cost=35797.7)(Gather Merge(cost=35725.1)(Aggregate(cost=34431.2)(Sort(cost=34405.7)(Nested Loop(cost=34336.9)(Bitmap Heap Scan(cost=18484.6)(Bitmap Index Scan(cost=100.9)); Index Scan(cost=7.0)))))))"",
    ""Gather(cost=15932.2)(Hash Join(cost=14498.3)(Nested Loop(cost=14493.4)(Merge Join(cost=7288.1)(Index Scan(cost=85896.2); Sort(cost=925.5)(Bitmap Heap Scan(cost=412.5)(Bitmap Index Scan(cost=142.3)))); Index Scan(cost=6.6)); Hash(cost=1.2)(Seq Scan(cost=1.2))))"",
    ""Sort(cost=134603.1)(Aggregate(cost=130885.1)(Gather(cost=126006.2)(Aggregate(cost=83187.4)(Hash Join(cost=79408.6)(Seq Scan(cost=27206.5); Hash(cost=45515.2)(Seq Scan(cost=45515.2)))))))"",
    ""Sort(cost=149815.5)(Aggregate(cost=146097.5)(Gather(cost=141218.6)(Aggregate(cost=98399.8)(Hash Join(cost=92870.8)(Seq Scan(cost=39047.3); Hash(cost=45515.2)(Seq Scan(cost=45515.2)))))))"",
    ""Sort(cost=25.8)(Aggregate(cost=25.8)(Sort(cost=25.8)(Nested Loop(cost=25.8)(Index Scan(cost=17.3); Index Scan(cost=8.4)))))""
  ]",8,0.550295725,0.495266152
job_0,"{'shared_buffers': 186477.0, 'work_mem': 158115.0, 'maintenance_work_mem': 1438803.0, 'effective_cache_size': 742538.0, 'max_connections': 485.0, 'wal_buffers': 6553.0, 'checkpoint_completion_target': 0.6271045931316532, 'checkpoint_timeout': 647.0, 'effective_io_concurrency': 148.0, 'join_collapse_limit': 13.0, 'from_collapse_limit': 15.0, 'bgwriter_delay': 377.0, 'bgwriter_lru_multiplier': 2.60655447676431, 'default_statistics_target': 206.0, 'max_parallel_workers_per_gather': 3.0}","{'xact_commit': 38.0, 'xact_rollback': 0.0, 'blks_read': 929629.0, 'blks_hit': 41813.0, 'tup_returned': 113866630.0, 'tup_fetched': 200239.0, 'tup_inserted': 0.0, 'conflicts': 0.0, 'tup_updated': 0.0, 'tup_deleted': 0.0, 'disk_read_count': 951242.0, 'disk_write_count': 0.0, 'disk_read_bytes': 7792574464.0, 'disk_write_bytes': 0.0}","{
  ""size"": 10,
  ""read_ratio"": 0.9,
  ""group_by_ratio"": 0.9,
  ""order_by_ratio"": 0.9,
  ""avg_query_length"": 502.0,
  ""avg_joins"": 2.1,
  ""filter_ratio"": 0.8
}","[
    ""Sort(cost=493864.3)(Aggregate(cost=490146.2)(Gather(cost=482131.0)(Aggregate(cost=397493.4)(Hash Join(cost=378982.9)(Seq Scan(cost=313133.2); Hash(cost=45515.2)(Seq Scan(cost=45515.2)))))))"",
    ""Sort(cost=104997.7)(Aggregate(cost=101431.3)(Gather(cost=96735.4)(Aggregate(cost=55484.4)(Hash Join(cost=46846.0)(Seq Scan(cost=39047.3); Hash(cost=2290.7)(Seq Scan(cost=2290.7)))))))"",
    ""Sort(cost=2272521.0)(Aggregate(cost=2217635.8)(Gather Merge(cost=2121004.7)(Aggregate(cost=894518.6)(Sort(cost=860803.2)(Hash Join(cost=416220.2)(Seq Scan(cost=328235.0); Hash(cost=66083.3)(Seq Scan(cost=66083.3))))))))"",
    ""Sort(cost=35851.1)(Aggregate(cost=35797.7)(Gather Merge(cost=35725.1)(Aggregate(cost=34431.2)(Sort(cost=34405.7)(Nested Loop(cost=34336.9)(Bitmap Heap Scan(cost=18484.6)(Bitmap Index Scan(cost=100.9)); Index Scan(cost=7.0)))))))"",
    ""Gather(cost=15932.2)(Hash Join(cost=14498.3)(Nested Loop(cost=14493.4)(Merge Join(cost=7288.1)(Index Scan(cost=85896.2); Sort(cost=925.5)(Bitmap Heap Scan(cost=412.5)(Bitmap Index Scan(cost=142.3)))); Index Scan(cost=6.6)); Hash(cost=1.2)(Seq Scan(cost=1.2))))"",
    ""Sort(cost=134603.1)(Aggregate(cost=130885.1)(Gather(cost=126006.2)(Aggregate(cost=83187.4)(Hash Join(cost=79408.6)(Seq Scan(cost=27206.5); Hash(cost=45515.2)(Seq Scan(cost=45515.2)))))))"",
    ""Sort(cost=149815.5)(Aggregate(cost=146097.5)(Gather(cost=141218.6)(Aggregate(cost=98399.8)(Hash Join(cost=92870.8)(Seq Scan(cost=39047.3); Hash(cost=45515.2)(Seq Scan(cost=45515.2)))))))"",
    ""Sort(cost=25.8)(Aggregate(cost=25.8)(Sort(cost=25.8)(Nested Loop(cost=25.8)(Index Scan(cost=17.3); Index Scan(cost=8.4)))))""
  ]",8,0.539576981,0.485619283
job_0,"{'shared_buffers': 1312149.0, 'work_mem': 124757.0, 'maintenance_work_mem': 1985715.0, 'effective_cache_size': 2108825.0, 'max_connections': 381.0, 'wal_buffers': 279.0, 'checkpoint_completion_target': 0.7740138155319957, 'checkpoint_timeout': 1629.0, 'effective_io_concurrency': 298.0, 'join_collapse_limit': 13.0, 'from_collapse_limit': 18.0, 'bgwriter_delay': 777.0, 'bgwriter_lru_multiplier': 7.118233072626784, 'default_statistics_target': 199.0, 'max_parallel_workers_per_gather': 2.0}","{'xact_commit': 38.0, 'xact_rollback': 0.0, 'blks_read': 929629.0, 'blks_hit': 41813.0, 'tup_returned': 113866630.0, 'tup_fetched': 200239.0, 'tup_inserted': 0.0, 'conflicts': 0.0, 'tup_updated': 0.0, 'tup_deleted': 0.0, 'disk_read_count': 951242.0, 'disk_write_count': 0.0, 'disk_read_bytes': 7792574464.0, 'disk_write_bytes': 0.0}","{
  ""size"": 10,
  ""read_ratio"": 0.9,
  ""group_by_ratio"": 0.9,
  ""order_by_ratio"": 0.9,
  ""avg_query_length"": 502.0,
  ""avg_joins"": 2.1,
  ""filter_ratio"": 0.8
}","[
    ""Sort(cost=493864.3)(Aggregate(cost=490146.2)(Gather(cost=482131.0)(Aggregate(cost=397493.4)(Hash Join(cost=378982.9)(Seq Scan(cost=313133.2); Hash(cost=45515.2)(Seq Scan(cost=45515.2)))))))"",
    ""Sort(cost=104997.7)(Aggregate(cost=101431.3)(Gather(cost=96735.4)(Aggregate(cost=55484.4)(Hash Join(cost=46846.0)(Seq Scan(cost=39047.3); Hash(cost=2290.7)(Seq Scan(cost=2290.7)))))))"",
    ""Sort(cost=2272521.0)(Aggregate(cost=2217635.8)(Gather Merge(cost=2121004.7)(Aggregate(cost=894518.6)(Sort(cost=860803.2)(Hash Join(cost=416220.2)(Seq Scan(cost=328235.0); Hash(cost=66083.3)(Seq Scan(cost=66083.3))))))))"",
    ""Sort(cost=35851.1)(Aggregate(cost=35797.7)(Gather Merge(cost=35725.1)(Aggregate(cost=34431.2)(Sort(cost=34405.7)(Nested Loop(cost=34336.9)(Bitmap Heap Scan(cost=18484.6)(Bitmap Index Scan(cost=100.9)); Index Scan(cost=7.0)))))))"",
    ""Gather(cost=15932.2)(Hash Join(cost=14498.3)(Nested Loop(cost=14493.4)(Merge Join(cost=7288.1)(Index Scan(cost=85896.2); Sort(cost=925.5)(Bitmap Heap Scan(cost=412.5)(Bitmap Index Scan(cost=142.3)))); Index Scan(cost=6.6)); Hash(cost=1.2)(Seq Scan(cost=1.2))))"",
    ""Sort(cost=134603.1)(Aggregate(cost=130885.1)(Gather(cost=126006.2)(Aggregate(cost=83187.4)(Hash Join(cost=79408.6)(Seq Scan(cost=27206.5); Hash(cost=45515.2)(Seq Scan(cost=45515.2)))))))"",
    ""Sort(cost=149815.5)(Aggregate(cost=146097.5)(Gather(cost=141218.6)(Aggregate(cost=98399.8)(Hash Join(cost=92870.8)(Seq Scan(cost=39047.3); Hash(cost=45515.2)(Seq Scan(cost=45515.2)))))))"",
    ""Sort(cost=25.8)(Aggregate(cost=25.8)(Sort(cost=25.8)(Nested Loop(cost=25.8)(Index Scan(cost=17.3); Index Scan(cost=8.4)))))""
  ]",8,0.427406324,0.384665692
job_0,"{'shared_buffers': 142413.0, 'work_mem': 92604.0, 'maintenance_work_mem': 1473480.0, 'effective_cache_size': 777083.0, 'max_connections': 474.0, 'wal_buffers': 6184.0, 'checkpoint_completion_target': 0.6286416094484242, 'checkpoint_timeout': 764.0, 'effective_io_concurrency': 144.0, 'join_collapse_limit': 13.0, 'from_collapse_limit': 15.0, 'bgwriter_delay': 308.0, 'bgwriter_lru_multiplier': 2.5312526489136418, 'default_statistics_target': 213.0, 'max_parallel_workers_per_gather': 3.0}","{'xact_commit': 38.0, 'xact_rollback': 0.0, 'blks_read': 929629.0, 'blks_hit': 41813.0, 'tup_returned': 113866630.0, 'tup_fetched': 200239.0, 'tup_inserted': 0.0, 'conflicts': 0.0, 'tup_updated': 0.0, 'tup_deleted': 0.0, 'disk_read_count': 951242.0, 'disk_write_count': 0.0, 'disk_read_bytes': 7792574464.0, 'disk_write_bytes': 0.0}","{
  ""size"": 10,
  ""read_ratio"": 0.9,
  ""group_by_ratio"": 0.9,
  ""order_by_ratio"": 0.9,
  ""avg_query_length"": 502.0,
  ""avg_joins"": 2.1,
  ""filter_ratio"": 0.8
}","[
    ""Sort(cost=493864.3)(Aggregate(cost=490146.2)(Gather(cost=482131.0)(Aggregate(cost=397493.4)(Hash Join(cost=378982.9)(Seq Scan(cost=313133.2); Hash(cost=45515.2)(Seq Scan(cost=45515.2)))))))"",
    ""Sort(cost=104997.7)(Aggregate(cost=101431.3)(Gather(cost=96735.4)(Aggregate(cost=55484.4)(Hash Join(cost=46846.0)(Seq Scan(cost=39047.3); Hash(cost=2290.7)(Seq Scan(cost=2290.7)))))))"",
    ""Sort(cost=2272521.0)(Aggregate(cost=2217635.8)(Gather Merge(cost=2121004.7)(Aggregate(cost=894518.6)(Sort(cost=860803.2)(Hash Join(cost=416220.2)(Seq Scan(cost=328235.0); Hash(cost=66083.3)(Seq Scan(cost=66083.3))))))))"",
    ""Sort(cost=35851.1)(Aggregate(cost=35797.7)(Gather Merge(cost=35725.1)(Aggregate(cost=34431.2)(Sort(cost=34405.7)(Nested Loop(cost=34336.9)(Bitmap Heap Scan(cost=18484.6)(Bitmap Index Scan(cost=100.9)); Index Scan(cost=7.0)))))))"",
    ""Gather(cost=15932.2)(Hash Join(cost=14498.3)(Nested Loop(cost=14493.4)(Merge Join(cost=7288.1)(Index Scan(cost=85896.2); Sort(cost=925.5)(Bitmap Heap Scan(cost=412.5)(Bitmap Index Scan(cost=142.3)))); Index Scan(cost=6.6)); Hash(cost=1.2)(Seq Scan(cost=1.2))))"",
    ""Sort(cost=134603.1)(Aggregate(cost=130885.1)(Gather(cost=126006.2)(Aggregate(cost=83187.4)(Hash Join(cost=79408.6)(Seq Scan(cost=27206.5); Hash(cost=45515.2)(Seq Scan(cost=45515.2)))))))"",
    ""Sort(cost=149815.5)(Aggregate(cost=146097.5)(Gather(cost=141218.6)(Aggregate(cost=98399.8)(Hash Join(cost=92870.8)(Seq Scan(cost=39047.3); Hash(cost=45515.2)(Seq Scan(cost=45515.2)))))))"",
    ""Sort(cost=25.8)(Aggregate(cost=25.8)(Sort(cost=25.8)(Nested Loop(cost=25.8)(Index Scan(cost=17.3); Index Scan(cost=8.4)))))""
  ]",8,0.571842164,0.514657948
job_0,"{'shared_buffers': 122357.0, 'work_mem': 92291.0, 'maintenance_work_mem': 1439187.0, 'effective_cache_size': 777064.0, 'max_connections': 473.0, 'wal_buffers': 6689.0, 'checkpoint_completion_target': 0.6403601250280544, 'checkpoint_timeout': 733.0, 'effective_io_concurrency': 145.0, 'join_collapse_limit': 13.0, 'from_collapse_limit': 14.0, 'bgwriter_delay': 322.0, 'bgwriter_lru_multiplier': 2.6292105660265515, 'default_statistics_target': 199.0, 'max_parallel_workers_per_gather': 3.0}","{'xact_commit': 38.0, 'xact_rollback': 0.0, 'blks_read': 929629.0, 'blks_hit': 41813.0, 'tup_returned': 113866630.0, 'tup_fetched': 200239.0, 'tup_inserted': 0.0, 'conflicts': 0.0, 'tup_updated': 0.0, 'tup_deleted': 0.0, 'disk_read_count': 951242.0, 'disk_write_count': 0.0, 'disk_read_bytes': 7792574464.0, 'disk_write_bytes': 0.0}","{
  ""size"": 10,
  ""read_ratio"": 0.9,
  ""group_by_ratio"": 0.9,
  ""order_by_ratio"": 0.9,
  ""avg_query_length"": 502.0,
  ""avg_joins"": 2.1,
  ""filter_ratio"": 0.8
}","[
    ""Sort(cost=493864.3)(Aggregate(cost=490146.2)(Gather(cost=482131.0)(Aggregate(cost=397493.4)(Hash Join(cost=378982.9)(Seq Scan(cost=313133.2); Hash(cost=45515.2)(Seq Scan(cost=45515.2)))))))"",
    ""Sort(cost=104997.7)(Aggregate(cost=101431.3)(Gather(cost=96735.4)(Aggregate(cost=55484.4)(Hash Join(cost=46846.0)(Seq Scan(cost=39047.3); Hash(cost=2290.7)(Seq Scan(cost=2290.7)))))))"",
    ""Sort(cost=2272521.0)(Aggregate(cost=2217635.8)(Gather Merge(cost=2121004.7)(Aggregate(cost=894518.6)(Sort(cost=860803.2)(Hash Join(cost=416220.2)(Seq Scan(cost=328235.0); Hash(cost=66083.3)(Seq Scan(cost=66083.3))))))))"",
    ""Sort(cost=35851.1)(Aggregate(cost=35797.7)(Gather Merge(cost=35725.1)(Aggregate(cost=34431.2)(Sort(cost=34405.7)(Nested Loop(cost=34336.9)(Bitmap Heap Scan(cost=18484.6)(Bitmap Index Scan(cost=100.9)); Index Scan(cost=7.0)))))))"",
    ""Gather(cost=15932.2)(Hash Join(cost=14498.3)(Nested Loop(cost=14493.4)(Merge Join(cost=7288.1)(Index Scan(cost=85896.2); Sort(cost=925.5)(Bitmap Heap Scan(cost=412.5)(Bitmap Index Scan(cost=142.3)))); Index Scan(cost=6.6)); Hash(cost=1.2)(Seq Scan(cost=1.2))))"",
    ""Sort(cost=134603.1)(Aggregate(cost=130885.1)(Gather(cost=126006.2)(Aggregate(cost=83187.4)(Hash Join(cost=79408.6)(Seq Scan(cost=27206.5); Hash(cost=45515.2)(Seq Scan(cost=45515.2)))))))"",
    ""Sort(cost=149815.5)(Aggregate(cost=146097.5)(Gather(cost=141218.6)(Aggregate(cost=98399.8)(Hash Join(cost=92870.8)(Seq Scan(cost=39047.3); Hash(cost=45515.2)(Seq Scan(cost=45515.2)))))))"",
    ""Sort(cost=25.8)(Aggregate(cost=25.8)(Sort(cost=25.8)(Nested Loop(cost=25.8)(Index Scan(cost=17.3); Index Scan(cost=8.4)))))""
  ]",8,0.564448478,0.50800363
job_0,"{'shared_buffers': 127605.0, 'work_mem': 90604.0, 'maintenance_work_mem': 1449417.0, 'effective_cache_size': 776302.0, 'max_connections': 473.0, 'wal_buffers': 3448.0, 'checkpoint_completion_target': 0.6261273838252265, 'checkpoint_timeout': 728.0, 'effective_io_concurrency': 143.0, 'join_collapse_limit': 13.0, 'from_collapse_limit': 14.0, 'bgwriter_delay': 288.0, 'bgwriter_lru_multiplier': 2.649339329623932, 'default_statistics_target': 189.0, 'max_parallel_workers_per_gather': 3.0}","{'xact_commit': 38.0, 'xact_rollback': 0.0, 'blks_read': 929629.0, 'blks_hit': 41813.0, 'tup_returned': 113866630.0, 'tup_fetched': 200239.0, 'tup_inserted': 0.0, 'conflicts': 0.0, 'tup_updated': 0.0, 'tup_deleted': 0.0, 'disk_read_count': 951242.0, 'disk_write_count': 0.0, 'disk_read_bytes': 7792574464.0, 'disk_write_bytes': 0.0}","{
  ""size"": 10,
  ""read_ratio"": 0.9,
  ""group_by_ratio"": 0.9,
  ""order_by_ratio"": 0.9,
  ""avg_query_length"": 502.0,
  ""avg_joins"": 2.1,
  ""filter_ratio"": 0.8
}","[
    ""Sort(cost=493864.3)(Aggregate(cost=490146.2)(Gather(cost=482131.0)(Aggregate(cost=397493.4)(Hash Join(cost=378982.9)(Seq Scan(cost=313133.2); Hash(cost=45515.2)(Seq Scan(cost=45515.2)))))))"",
    ""Sort(cost=104997.7)(Aggregate(cost=101431.3)(Gather(cost=96735.4)(Aggregate(cost=55484.4)(Hash Join(cost=46846.0)(Seq Scan(cost=39047.3); Hash(cost=2290.7)(Seq Scan(cost=2290.7)))))))"",
    ""Sort(cost=2272521.0)(Aggregate(cost=2217635.8)(Gather Merge(cost=2121004.7)(Aggregate(cost=894518.6)(Sort(cost=860803.2)(Hash Join(cost=416220.2)(Seq Scan(cost=328235.0); Hash(cost=66083.3)(Seq Scan(cost=66083.3))))))))"",
    ""Sort(cost=35851.1)(Aggregate(cost=35797.7)(Gather Merge(cost=35725.1)(Aggregate(cost=34431.2)(Sort(cost=34405.7)(Nested Loop(cost=34336.9)(Bitmap Heap Scan(cost=18484.6)(Bitmap Index Scan(cost=100.9)); Index Scan(cost=7.0)))))))"",
    ""Gather(cost=15932.2)(Hash Join(cost=14498.3)(Nested Loop(cost=14493.4)(Merge Join(cost=7288.1)(Index Scan(cost=85896.2); Sort(cost=925.5)(Bitmap Heap Scan(cost=412.5)(Bitmap Index Scan(cost=142.3)))); Index Scan(cost=6.6)); Hash(cost=1.2)(Seq Scan(cost=1.2))))"",
    ""Sort(cost=134603.1)(Aggregate(cost=130885.1)(Gather(cost=126006.2)(Aggregate(cost=83187.4)(Hash Join(cost=79408.6)(Seq Scan(cost=27206.5); Hash(cost=45515.2)(Seq Scan(cost=45515.2)))))))"",
    ""Sort(cost=149815.5)(Aggregate(cost=146097.5)(Gather(cost=141218.6)(Aggregate(cost=98399.8)(Hash Join(cost=92870.8)(Seq Scan(cost=39047.3); Hash(cost=45515.2)(Seq Scan(cost=45515.2)))))))"",
    ""Sort(cost=25.8)(Aggregate(cost=25.8)(Sort(cost=25.8)(Nested Loop(cost=25.8)(Index Scan(cost=17.3); Index Scan(cost=8.4)))))""
  ]",8,0.394062878,0.35465659
job_0,"{'shared_buffers': 273434.0, 'work_mem': 90514.0, 'maintenance_work_mem': 1450609.0, 'effective_cache_size': 774775.0, 'max_connections': 473.0, 'wal_buffers': 6216.0, 'checkpoint_completion_target': 0.6123140788918363, 'checkpoint_timeout': 731.0, 'effective_io_concurrency': 142.0, 'join_collapse_limit': 13.0, 'from_collapse_limit': 14.0, 'bgwriter_delay': 249.0, 'bgwriter_lru_multiplier': 2.491079753298658, 'default_statistics_target': 194.0, 'max_parallel_workers_per_gather': 3.0}","{'xact_commit': 38.0, 'xact_rollback': 0.0, 'blks_read': 929629.0, 'blks_hit': 41813.0, 'tup_returned': 113866630.0, 'tup_fetched': 200239.0, 'tup_inserted': 0.0, 'conflicts': 0.0, 'tup_updated': 0.0, 'tup_deleted': 0.0, 'disk_read_count': 951242.0, 'disk_write_count': 0.0, 'disk_read_bytes': 7792574464.0, 'disk_write_bytes': 0.0}","{
  ""size"": 10,
  ""read_ratio"": 0.9,
  ""group_by_ratio"": 0.9,
  ""order_by_ratio"": 0.9,
  ""avg_query_length"": 502.0,
  ""avg_joins"": 2.1,
  ""filter_ratio"": 0.8
}","[
    ""Sort(cost=493864.3)(Aggregate(cost=490146.2)(Gather(cost=482131.0)(Aggregate(cost=397493.4)(Hash Join(cost=378982.9)(Seq Scan(cost=313133.2); Hash(cost=45515.2)(Seq Scan(cost=45515.2)))))))"",
    ""Sort(cost=104997.7)(Aggregate(cost=101431.3)(Gather(cost=96735.4)(Aggregate(cost=55484.4)(Hash Join(cost=46846.0)(Seq Scan(cost=39047.3); Hash(cost=2290.7)(Seq Scan(cost=2290.7)))))))"",
    ""Sort(cost=2272521.0)(Aggregate(cost=2217635.8)(Gather Merge(cost=2121004.7)(Aggregate(cost=894518.6)(Sort(cost=860803.2)(Hash Join(cost=416220.2)(Seq Scan(cost=328235.0); Hash(cost=66083.3)(Seq Scan(cost=66083.3))))))))"",
    ""Sort(cost=35851.1)(Aggregate(cost=35797.7)(Gather Merge(cost=35725.1)(Aggregate(cost=34431.2)(Sort(cost=34405.7)(Nested Loop(cost=34336.9)(Bitmap Heap Scan(cost=18484.6)(Bitmap Index Scan(cost=100.9)); Index Scan(cost=7.0)))))))"",
    ""Gather(cost=15932.2)(Hash Join(cost=14498.3)(Nested Loop(cost=14493.4)(Merge Join(cost=7288.1)(Index Scan(cost=85896.2); Sort(cost=925.5)(Bitmap Heap Scan(cost=412.5)(Bitmap Index Scan(cost=142.3)))); Index Scan(cost=6.6)); Hash(cost=1.2)(Seq Scan(cost=1.2))))"",
    ""Sort(cost=134603.1)(Aggregate(cost=130885.1)(Gather(cost=126006.2)(Aggregate(cost=83187.4)(Hash Join(cost=79408.6)(Seq Scan(cost=27206.5); Hash(cost=45515.2)(Seq Scan(cost=45515.2)))))))"",
    ""Sort(cost=149815.5)(Aggregate(cost=146097.5)(Gather(cost=141218.6)(Aggregate(cost=98399.8)(Hash Join(cost=92870.8)(Seq Scan(cost=39047.3); Hash(cost=45515.2)(Seq Scan(cost=45515.2)))))))"",
    ""Sort(cost=25.8)(Aggregate(cost=25.8)(Sort(cost=25.8)(Nested Loop(cost=25.8)(Index Scan(cost=17.3); Index Scan(cost=8.4)))))""
  ]",8,0.557206573,0.501485915
job_0,"{'shared_buffers': 128412.0, 'work_mem': 102855.0, 'maintenance_work_mem': 1439352.0, 'effective_cache_size': 704649.0, 'max_connections': 454.0, 'wal_buffers': 6517.0, 'checkpoint_completion_target': 0.6214026245019271, 'checkpoint_timeout': 684.0, 'effective_io_concurrency': 128.0, 'join_collapse_limit': 13.0, 'from_collapse_limit': 15.0, 'bgwriter_delay': 323.0, 'bgwriter_lru_multiplier': 2.2449914895110736, 'default_statistics_target': 278.0, 'max_parallel_workers_per_gather': 3.0}","{'xact_commit': 38.0, 'xact_rollback': 0.0, 'blks_read': 929629.0, 'blks_hit': 41813.0, 'tup_returned': 113866630.0, 'tup_fetched': 200239.0, 'tup_inserted': 0.0, 'conflicts': 0.0, 'tup_updated': 0.0, 'tup_deleted': 0.0, 'disk_read_count': 951242.0, 'disk_write_count': 0.0, 'disk_read_bytes': 7792574464.0, 'disk_write_bytes': 0.0}","{
  ""size"": 10,
  ""read_ratio"": 0.9,
  ""group_by_ratio"": 0.9,
  ""order_by_ratio"": 0.9,
  ""avg_query_length"": 502.0,
  ""avg_joins"": 2.1,
  ""filter_ratio"": 0.8
}","[
    ""Sort(cost=493864.3)(Aggregate(cost=490146.2)(Gather(cost=482131.0)(Aggregate(cost=397493.4)(Hash Join(cost=378982.9)(Seq Scan(cost=313133.2); Hash(cost=45515.2)(Seq Scan(cost=45515.2)))))))"",
    ""Sort(cost=104997.7)(Aggregate(cost=101431.3)(Gather(cost=96735.4)(Aggregate(cost=55484.4)(Hash Join(cost=46846.0)(Seq Scan(cost=39047.3); Hash(cost=2290.7)(Seq Scan(cost=2290.7)))))))"",
    ""Sort(cost=2272521.0)(Aggregate(cost=2217635.8)(Gather Merge(cost=2121004.7)(Aggregate(cost=894518.6)(Sort(cost=860803.2)(Hash Join(cost=416220.2)(Seq Scan(cost=328235.0); Hash(cost=66083.3)(Seq Scan(cost=66083.3))))))))"",
    ""Sort(cost=35851.1)(Aggregate(cost=35797.7)(Gather Merge(cost=35725.1)(Aggregate(cost=34431.2)(Sort(cost=34405.7)(Nested Loop(cost=34336.9)(Bitmap Heap Scan(cost=18484.6)(Bitmap Index Scan(cost=100.9)); Index Scan(cost=7.0)))))))"",
    ""Gather(cost=15932.2)(Hash Join(cost=14498.3)(Nested Loop(cost=14493.4)(Merge Join(cost=7288.1)(Index Scan(cost=85896.2); Sort(cost=925.5)(Bitmap Heap Scan(cost=412.5)(Bitmap Index Scan(cost=142.3)))); Index Scan(cost=6.6)); Hash(cost=1.2)(Seq Scan(cost=1.2))))"",
    ""Sort(cost=134603.1)(Aggregate(cost=130885.1)(Gather(cost=126006.2)(Aggregate(cost=83187.4)(Hash Join(cost=79408.6)(Seq Scan(cost=27206.5); Hash(cost=45515.2)(Seq Scan(cost=45515.2)))))))"",
    ""Sort(cost=149815.5)(Aggregate(cost=146097.5)(Gather(cost=141218.6)(Aggregate(cost=98399.8)(Hash Join(cost=92870.8)(Seq Scan(cost=39047.3); Hash(cost=45515.2)(Seq Scan(cost=45515.2)))))))"",
    ""Sort(cost=25.8)(Aggregate(cost=25.8)(Sort(cost=25.8)(Nested Loop(cost=25.8)(Index Scan(cost=17.3); Index Scan(cost=8.4)))))""
  ]",8,0.400200211,0.36018019
job_0,"{'shared_buffers': 106967.0, 'work_mem': 102962.0, 'maintenance_work_mem': 1437686.0, 'effective_cache_size': 782185.0, 'max_connections': 473.0, 'wal_buffers': 6189.0, 'checkpoint_completion_target': 0.6228016727442834, 'checkpoint_timeout': 686.0, 'effective_io_concurrency': 133.0, 'join_collapse_limit': 13.0, 'from_collapse_limit': 15.0, 'bgwriter_delay': 317.0, 'bgwriter_lru_multiplier': 3.1012901725210162, 'default_statistics_target': 183.0, 'max_parallel_workers_per_gather': 3.0}","{'xact_commit': 38.0, 'xact_rollback': 0.0, 'blks_read': 929629.0, 'blks_hit': 41813.0, 'tup_returned': 113866630.0, 'tup_fetched': 200239.0, 'tup_inserted': 0.0, 'conflicts': 0.0, 'tup_updated': 0.0, 'tup_deleted': 0.0, 'disk_read_count': 951242.0, 'disk_write_count': 0.0, 'disk_read_bytes': 7792574464.0, 'disk_write_bytes': 0.0}","{
  ""size"": 10,
  ""read_ratio"": 0.9,
  ""group_by_ratio"": 0.9,
  ""order_by_ratio"": 0.9,
  ""avg_query_length"": 502.0,
  ""avg_joins"": 2.1,
  ""filter_ratio"": 0.8
}","[
    ""Sort(cost=493864.3)(Aggregate(cost=490146.2)(Gather(cost=482131.0)(Aggregate(cost=397493.4)(Hash Join(cost=378982.9)(Seq Scan(cost=313133.2); Hash(cost=45515.2)(Seq Scan(cost=45515.2)))))))"",
    ""Sort(cost=104997.7)(Aggregate(cost=101431.3)(Gather(cost=96735.4)(Aggregate(cost=55484.4)(Hash Join(cost=46846.0)(Seq Scan(cost=39047.3); Hash(cost=2290.7)(Seq Scan(cost=2290.7)))))))"",
    ""Sort(cost=2272521.0)(Aggregate(cost=2217635.8)(Gather Merge(cost=2121004.7)(Aggregate(cost=894518.6)(Sort(cost=860803.2)(Hash Join(cost=416220.2)(Seq Scan(cost=328235.0); Hash(cost=66083.3)(Seq Scan(cost=66083.3))))))))"",
    ""Sort(cost=35851.1)(Aggregate(cost=35797.7)(Gather Merge(cost=35725.1)(Aggregate(cost=34431.2)(Sort(cost=34405.7)(Nested Loop(cost=34336.9)(Bitmap Heap Scan(cost=18484.6)(Bitmap Index Scan(cost=100.9)); Index Scan(cost=7.0)))))))"",
    ""Gather(cost=15932.2)(Hash Join(cost=14498.3)(Nested Loop(cost=14493.4)(Merge Join(cost=7288.1)(Index Scan(cost=85896.2); Sort(cost=925.5)(Bitmap Heap Scan(cost=412.5)(Bitmap Index Scan(cost=142.3)))); Index Scan(cost=6.6)); Hash(cost=1.2)(Seq Scan(cost=1.2))))"",
    ""Sort(cost=134603.1)(Aggregate(cost=130885.1)(Gather(cost=126006.2)(Aggregate(cost=83187.4)(Hash Join(cost=79408.6)(Seq Scan(cost=27206.5); Hash(cost=45515.2)(Seq Scan(cost=45515.2)))))))"",
    ""Sort(cost=149815.5)(Aggregate(cost=146097.5)(Gather(cost=141218.6)(Aggregate(cost=98399.8)(Hash Join(cost=92870.8)(Seq Scan(cost=39047.3); Hash(cost=45515.2)(Seq Scan(cost=45515.2)))))))"",
    ""Sort(cost=25.8)(Aggregate(cost=25.8)(Sort(cost=25.8)(Nested Loop(cost=25.8)(Index Scan(cost=17.3); Index Scan(cost=8.4)))))""
  ]",8,0.388928256,0.350035431
job_0,"{'shared_buffers': 127807.0, 'work_mem': 90642.0, 'maintenance_work_mem': 1439181.0, 'effective_cache_size': 777064.0, 'max_connections': 473.0, 'wal_buffers': 6216.0, 'checkpoint_completion_target': 0.6309483051300049, 'checkpoint_timeout': 731.0, 'effective_io_concurrency': 143.0, 'join_collapse_limit': 13.0, 'from_collapse_limit': 14.0, 'bgwriter_delay': 292.0, 'bgwriter_lru_multiplier': 2.660083770751953, 'default_statistics_target': 183.0, 'max_parallel_workers_per_gather': 3.0}","{'xact_commit': 38.0, 'xact_rollback': 0.0, 'blks_read': 929629.0, 'blks_hit': 41813.0, 'tup_returned': 113866630.0, 'tup_fetched': 200239.0, 'tup_inserted': 0.0, 'conflicts': 0.0, 'tup_updated': 0.0, 'tup_deleted': 0.0, 'disk_read_count': 951242.0, 'disk_write_count': 0.0, 'disk_read_bytes': 7792574464.0, 'disk_write_bytes': 0.0}","{
  ""size"": 10,
  ""read_ratio"": 0.9,
  ""group_by_ratio"": 0.9,
  ""order_by_ratio"": 0.9,
  ""avg_query_length"": 502.0,
  ""avg_joins"": 2.1,
  ""filter_ratio"": 0.8
}","[
    ""Sort(cost=493864.3)(Aggregate(cost=490146.2)(Gather(cost=482131.0)(Aggregate(cost=397493.4)(Hash Join(cost=378982.9)(Seq Scan(cost=313133.2); Hash(cost=45515.2)(Seq Scan(cost=45515.2)))))))"",
    ""Sort(cost=104997.7)(Aggregate(cost=101431.3)(Gather(cost=96735.4)(Aggregate(cost=55484.4)(Hash Join(cost=46846.0)(Seq Scan(cost=39047.3); Hash(cost=2290.7)(Seq Scan(cost=2290.7)))))))"",
    ""Sort(cost=2272521.0)(Aggregate(cost=2217635.8)(Gather Merge(cost=2121004.7)(Aggregate(cost=894518.6)(Sort(cost=860803.2)(Hash Join(cost=416220.2)(Seq Scan(cost=328235.0); Hash(cost=66083.3)(Seq Scan(cost=66083.3))))))))"",
    ""Sort(cost=35851.1)(Aggregate(cost=35797.7)(Gather Merge(cost=35725.1)(Aggregate(cost=34431.2)(Sort(cost=34405.7)(Nested Loop(cost=34336.9)(Bitmap Heap Scan(cost=18484.6)(Bitmap Index Scan(cost=100.9)); Index Scan(cost=7.0)))))))"",
    ""Gather(cost=15932.2)(Hash Join(cost=14498.3)(Nested Loop(cost=14493.4)(Merge Join(cost=7288.1)(Index Scan(cost=85896.2); Sort(cost=925.5)(Bitmap Heap Scan(cost=412.5)(Bitmap Index Scan(cost=142.3)))); Index Scan(cost=6.6)); Hash(cost=1.2)(Seq Scan(cost=1.2))))"",
    ""Sort(cost=134603.1)(Aggregate(cost=130885.1)(Gather(cost=126006.2)(Aggregate(cost=83187.4)(Hash Join(cost=79408.6)(Seq Scan(cost=27206.5); Hash(cost=45515.2)(Seq Scan(cost=45515.2)))))))"",
    ""Sort(cost=149815.5)(Aggregate(cost=146097.5)(Gather(cost=141218.6)(Aggregate(cost=98399.8)(Hash Join(cost=92870.8)(Seq Scan(cost=39047.3); Hash(cost=45515.2)(Seq Scan(cost=45515.2)))))))"",
    ""Sort(cost=25.8)(Aggregate(cost=25.8)(Sort(cost=25.8)(Nested Loop(cost=25.8)(Index Scan(cost=17.3); Index Scan(cost=8.4)))))""
  ]",8,0.39924423,0.359319807
job_0,"{'shared_buffers': 1256567.0, 'work_mem': 87149.0, 'maintenance_work_mem': 452333.0, 'effective_cache_size': 820326.0, 'max_connections': 329.0, 'wal_buffers': 5131.0, 'checkpoint_completion_target': 0.6640915556016052, 'checkpoint_timeout': 818.0, 'effective_io_concurrency': 168.0, 'join_collapse_limit': 15.0, 'from_collapse_limit': 13.0, 'bgwriter_delay': 185.0, 'bgwriter_lru_multiplier': 4.574518355628264, 'default_statistics_target': 190.0, 'max_parallel_workers_per_gather': 7.0}","{'xact_commit': 38.0, 'xact_rollback': 0.0, 'blks_read': 929629.0, 'blks_hit': 41813.0, 'tup_returned': 113866630.0, 'tup_fetched': 200239.0, 'tup_inserted': 0.0, 'conflicts': 0.0, 'tup_updated': 0.0, 'tup_deleted': 0.0, 'disk_read_count': 951242.0, 'disk_write_count': 0.0, 'disk_read_bytes': 7792574464.0, 'disk_write_bytes': 0.0}","{
  ""size"": 10,
  ""read_ratio"": 0.9,
  ""group_by_ratio"": 0.9,
  ""order_by_ratio"": 0.9,
  ""avg_query_length"": 502.0,
  ""avg_joins"": 2.1,
  ""filter_ratio"": 0.8
}","[
    ""Sort(cost=493864.3)(Aggregate(cost=490146.2)(Gather(cost=482131.0)(Aggregate(cost=397493.4)(Hash Join(cost=378982.9)(Seq Scan(cost=313133.2); Hash(cost=45515.2)(Seq Scan(cost=45515.2)))))))"",
    ""Sort(cost=104997.7)(Aggregate(cost=101431.3)(Gather(cost=96735.4)(Aggregate(cost=55484.4)(Hash Join(cost=46846.0)(Seq Scan(cost=39047.3); Hash(cost=2290.7)(Seq Scan(cost=2290.7)))))))"",
    ""Sort(cost=2272521.0)(Aggregate(cost=2217635.8)(Gather Merge(cost=2121004.7)(Aggregate(cost=894518.6)(Sort(cost=860803.2)(Hash Join(cost=416220.2)(Seq Scan(cost=328235.0); Hash(cost=66083.3)(Seq Scan(cost=66083.3))))))))"",
    ""Sort(cost=35851.1)(Aggregate(cost=35797.7)(Gather Merge(cost=35725.1)(Aggregate(cost=34431.2)(Sort(cost=34405.7)(Nested Loop(cost=34336.9)(Bitmap Heap Scan(cost=18484.6)(Bitmap Index Scan(cost=100.9)); Index Scan(cost=7.0)))))))"",
    ""Gather(cost=15932.2)(Hash Join(cost=14498.3)(Nested Loop(cost=14493.4)(Merge Join(cost=7288.1)(Index Scan(cost=85896.2); Sort(cost=925.5)(Bitmap Heap Scan(cost=412.5)(Bitmap Index Scan(cost=142.3)))); Index Scan(cost=6.6)); Hash(cost=1.2)(Seq Scan(cost=1.2))))"",
    ""Sort(cost=134603.1)(Aggregate(cost=130885.1)(Gather(cost=126006.2)(Aggregate(cost=83187.4)(Hash Join(cost=79408.6)(Seq Scan(cost=27206.5); Hash(cost=45515.2)(Seq Scan(cost=45515.2)))))))"",
    ""Sort(cost=149815.5)(Aggregate(cost=146097.5)(Gather(cost=141218.6)(Aggregate(cost=98399.8)(Hash Join(cost=92870.8)(Seq Scan(cost=39047.3); Hash(cost=45515.2)(Seq Scan(cost=45515.2)))))))"",
    ""Sort(cost=25.8)(Aggregate(cost=25.8)(Sort(cost=25.8)(Nested Loop(cost=25.8)(Index Scan(cost=17.3); Index Scan(cost=8.4)))))""
  ]",8,0.219379784,0.197441805
job_0,"{'shared_buffers': 127640.0, 'work_mem': 60476.0, 'maintenance_work_mem': 1462812.0, 'effective_cache_size': 1657393.0, 'max_connections': 486.0, 'wal_buffers': 6216.0, 'checkpoint_completion_target': 0.5833215066343673, 'checkpoint_timeout': 758.0, 'effective_io_concurrency': 143.0, 'join_collapse_limit': 13.0, 'from_collapse_limit': 14.0, 'bgwriter_delay': 292.0, 'bgwriter_lru_multiplier': 1.1546303219871976, 'default_statistics_target': 219.0, 'max_parallel_workers_per_gather': 3.0}","{'xact_commit': 38.0, 'xact_rollback': 0.0, 'blks_read': 929629.0, 'blks_hit': 41813.0, 'tup_returned': 113866630.0, 'tup_fetched': 200239.0, 'tup_inserted': 0.0, 'conflicts': 0.0, 'tup_updated': 0.0, 'tup_deleted': 0.0, 'disk_read_count': 951242.0, 'disk_write_count': 0.0, 'disk_read_bytes': 7792574464.0, 'disk_write_bytes': 0.0}","{
  ""size"": 10,
  ""read_ratio"": 0.9,
  ""group_by_ratio"": 0.9,
  ""order_by_ratio"": 0.9,
  ""avg_query_length"": 502.0,
  ""avg_joins"": 2.1,
  ""filter_ratio"": 0.8
}","[
    ""Sort(cost=493864.3)(Aggregate(cost=490146.2)(Gather(cost=482131.0)(Aggregate(cost=397493.4)(Hash Join(cost=378982.9)(Seq Scan(cost=313133.2); Hash(cost=45515.2)(Seq Scan(cost=45515.2)))))))"",
    ""Sort(cost=104997.7)(Aggregate(cost=101431.3)(Gather(cost=96735.4)(Aggregate(cost=55484.4)(Hash Join(cost=46846.0)(Seq Scan(cost=39047.3); Hash(cost=2290.7)(Seq Scan(cost=2290.7)))))))"",
    ""Sort(cost=2272521.0)(Aggregate(cost=2217635.8)(Gather Merge(cost=2121004.7)(Aggregate(cost=894518.6)(Sort(cost=860803.2)(Hash Join(cost=416220.2)(Seq Scan(cost=328235.0); Hash(cost=66083.3)(Seq Scan(cost=66083.3))))))))"",
    ""Sort(cost=35851.1)(Aggregate(cost=35797.7)(Gather Merge(cost=35725.1)(Aggregate(cost=34431.2)(Sort(cost=34405.7)(Nested Loop(cost=34336.9)(Bitmap Heap Scan(cost=18484.6)(Bitmap Index Scan(cost=100.9)); Index Scan(cost=7.0)))))))"",
    ""Gather(cost=15932.2)(Hash Join(cost=14498.3)(Nested Loop(cost=14493.4)(Merge Join(cost=7288.1)(Index Scan(cost=85896.2); Sort(cost=925.5)(Bitmap Heap Scan(cost=412.5)(Bitmap Index Scan(cost=142.3)))); Index Scan(cost=6.6)); Hash(cost=1.2)(Seq Scan(cost=1.2))))"",
    ""Sort(cost=134603.1)(Aggregate(cost=130885.1)(Gather(cost=126006.2)(Aggregate(cost=83187.4)(Hash Join(cost=79408.6)(Seq Scan(cost=27206.5); Hash(cost=45515.2)(Seq Scan(cost=45515.2)))))))"",
    ""Sort(cost=149815.5)(Aggregate(cost=146097.5)(Gather(cost=141218.6)(Aggregate(cost=98399.8)(Hash Join(cost=92870.8)(Seq Scan(cost=39047.3); Hash(cost=45515.2)(Seq Scan(cost=45515.2)))))))"",
    ""Sort(cost=25.8)(Aggregate(cost=25.8)(Sort(cost=25.8)(Nested Loop(cost=25.8)(Index Scan(cost=17.3); Index Scan(cost=8.4)))))""
  ]",8,0.529369209,0.476432288
job_0,"{'shared_buffers': 137728.0, 'work_mem': 80802.0, 'maintenance_work_mem': 1503655.0, 'effective_cache_size': 807509.0, 'max_connections': 455.0, 'wal_buffers': 5819.0, 'checkpoint_completion_target': 0.6121294263179522, 'checkpoint_timeout': 681.0, 'effective_io_concurrency': 142.0, 'join_collapse_limit': 13.0, 'from_collapse_limit': 15.0, 'bgwriter_delay': 286.0, 'bgwriter_lru_multiplier': 2.309901591771119, 'default_statistics_target': 469.0, 'max_parallel_workers_per_gather': 3.0}","{'xact_commit': 38.0, 'xact_rollback': 0.0, 'blks_read': 929629.0, 'blks_hit': 41813.0, 'tup_returned': 113866630.0, 'tup_fetched': 200239.0, 'tup_inserted': 0.0, 'conflicts': 0.0, 'tup_updated': 0.0, 'tup_deleted': 0.0, 'disk_read_count': 951242.0, 'disk_write_count': 0.0, 'disk_read_bytes': 7792574464.0, 'disk_write_bytes': 0.0}","{
  ""size"": 10,
  ""read_ratio"": 0.9,
  ""group_by_ratio"": 0.9,
  ""order_by_ratio"": 0.9,
  ""avg_query_length"": 502.0,
  ""avg_joins"": 2.1,
  ""filter_ratio"": 0.8
}","[
    ""Sort(cost=493864.3)(Aggregate(cost=490146.2)(Gather(cost=482131.0)(Aggregate(cost=397493.4)(Hash Join(cost=378982.9)(Seq Scan(cost=313133.2); Hash(cost=45515.2)(Seq Scan(cost=45515.2)))))))"",
    ""Sort(cost=104997.7)(Aggregate(cost=101431.3)(Gather(cost=96735.4)(Aggregate(cost=55484.4)(Hash Join(cost=46846.0)(Seq Scan(cost=39047.3); Hash(cost=2290.7)(Seq Scan(cost=2290.7)))))))"",
    ""Sort(cost=2272521.0)(Aggregate(cost=2217635.8)(Gather Merge(cost=2121004.7)(Aggregate(cost=894518.6)(Sort(cost=860803.2)(Hash Join(cost=416220.2)(Seq Scan(cost=328235.0); Hash(cost=66083.3)(Seq Scan(cost=66083.3))))))))"",
    ""Sort(cost=35851.1)(Aggregate(cost=35797.7)(Gather Merge(cost=35725.1)(Aggregate(cost=34431.2)(Sort(cost=34405.7)(Nested Loop(cost=34336.9)(Bitmap Heap Scan(cost=18484.6)(Bitmap Index Scan(cost=100.9)); Index Scan(cost=7.0)))))))"",
    ""Gather(cost=15932.2)(Hash Join(cost=14498.3)(Nested Loop(cost=14493.4)(Merge Join(cost=7288.1)(Index Scan(cost=85896.2); Sort(cost=925.5)(Bitmap Heap Scan(cost=412.5)(Bitmap Index Scan(cost=142.3)))); Index Scan(cost=6.6)); Hash(cost=1.2)(Seq Scan(cost=1.2))))"",
    ""Sort(cost=134603.1)(Aggregate(cost=130885.1)(Gather(cost=126006.2)(Aggregate(cost=83187.4)(Hash Join(cost=79408.6)(Seq Scan(cost=27206.5); Hash(cost=45515.2)(Seq Scan(cost=45515.2)))))))"",
    ""Sort(cost=149815.5)(Aggregate(cost=146097.5)(Gather(cost=141218.6)(Aggregate(cost=98399.8)(Hash Join(cost=92870.8)(Seq Scan(cost=39047.3); Hash(cost=45515.2)(Seq Scan(cost=45515.2)))))))"",
    ""Sort(cost=25.8)(Aggregate(cost=25.8)(Sort(cost=25.8)(Nested Loop(cost=25.8)(Index Scan(cost=17.3); Index Scan(cost=8.4)))))""
  ]",8,0.414089633,0.37268067
job_0,"{'shared_buffers': 648500.0, 'work_mem': 68317.0, 'maintenance_work_mem': 1452379.0, 'effective_cache_size': 1025705.0, 'max_connections': 447.0, 'wal_buffers': 8042.0, 'checkpoint_completion_target': 0.5912412849773292, 'checkpoint_timeout': 737.0, 'effective_io_concurrency': 137.0, 'join_collapse_limit': 13.0, 'from_collapse_limit': 15.0, 'bgwriter_delay': 248.0, 'bgwriter_lru_multiplier': 2.4852302698391657, 'default_statistics_target': 221.0, 'max_parallel_workers_per_gather': 3.0}","{'xact_commit': 38.0, 'xact_rollback': 0.0, 'blks_read': 929629.0, 'blks_hit': 41813.0, 'tup_returned': 113866630.0, 'tup_fetched': 200239.0, 'tup_inserted': 0.0, 'conflicts': 0.0, 'tup_updated': 0.0, 'tup_deleted': 0.0, 'disk_read_count': 951242.0, 'disk_write_count': 0.0, 'disk_read_bytes': 7792574464.0, 'disk_write_bytes': 0.0}","{
  ""size"": 10,
  ""read_ratio"": 0.9,
  ""group_by_ratio"": 0.9,
  ""order_by_ratio"": 0.9,
  ""avg_query_length"": 502.0,
  ""avg_joins"": 2.1,
  ""filter_ratio"": 0.8
}","[
    ""Sort(cost=493864.3)(Aggregate(cost=490146.2)(Gather(cost=482131.0)(Aggregate(cost=397493.4)(Hash Join(cost=378982.9)(Seq Scan(cost=313133.2); Hash(cost=45515.2)(Seq Scan(cost=45515.2)))))))"",
    ""Sort(cost=104997.7)(Aggregate(cost=101431.3)(Gather(cost=96735.4)(Aggregate(cost=55484.4)(Hash Join(cost=46846.0)(Seq Scan(cost=39047.3); Hash(cost=2290.7)(Seq Scan(cost=2290.7)))))))"",
    ""Sort(cost=2272521.0)(Aggregate(cost=2217635.8)(Gather Merge(cost=2121004.7)(Aggregate(cost=894518.6)(Sort(cost=860803.2)(Hash Join(cost=416220.2)(Seq Scan(cost=328235.0); Hash(cost=66083.3)(Seq Scan(cost=66083.3))))))))"",
    ""Sort(cost=35851.1)(Aggregate(cost=35797.7)(Gather Merge(cost=35725.1)(Aggregate(cost=34431.2)(Sort(cost=34405.7)(Nested Loop(cost=34336.9)(Bitmap Heap Scan(cost=18484.6)(Bitmap Index Scan(cost=100.9)); Index Scan(cost=7.0)))))))"",
    ""Gather(cost=15932.2)(Hash Join(cost=14498.3)(Nested Loop(cost=14493.4)(Merge Join(cost=7288.1)(Index Scan(cost=85896.2); Sort(cost=925.5)(Bitmap Heap Scan(cost=412.5)(Bitmap Index Scan(cost=142.3)))); Index Scan(cost=6.6)); Hash(cost=1.2)(Seq Scan(cost=1.2))))"",
    ""Sort(cost=134603.1)(Aggregate(cost=130885.1)(Gather(cost=126006.2)(Aggregate(cost=83187.4)(Hash Join(cost=79408.6)(Seq Scan(cost=27206.5); Hash(cost=45515.2)(Seq Scan(cost=45515.2)))))))"",
    ""Sort(cost=149815.5)(Aggregate(cost=146097.5)(Gather(cost=141218.6)(Aggregate(cost=98399.8)(Hash Join(cost=92870.8)(Seq Scan(cost=39047.3); Hash(cost=45515.2)(Seq Scan(cost=45515.2)))))))"",
    ""Sort(cost=25.8)(Aggregate(cost=25.8)(Sort(cost=25.8)(Nested Loop(cost=25.8)(Index Scan(cost=17.3); Index Scan(cost=8.4)))))""
  ]",8,0.577007959,0.519307163
job_0,"{'shared_buffers': 197459.0, 'work_mem': 187212.0, 'maintenance_work_mem': 501958.0, 'effective_cache_size': 1844728.0, 'max_connections': 391.0, 'wal_buffers': 7877.0, 'checkpoint_completion_target': 0.8177772766147938, 'checkpoint_timeout': 950.0, 'effective_io_concurrency': 269.0, 'join_collapse_limit': 12.0, 'from_collapse_limit': 16.0, 'bgwriter_delay': 832.0, 'bgwriter_lru_multiplier': 2.842239993487876, 'default_statistics_target': 157.0, 'max_parallel_workers_per_gather': 8.0}","{'xact_commit': 38.0, 'xact_rollback': 0.0, 'blks_read': 929629.0, 'blks_hit': 41813.0, 'tup_returned': 113866630.0, 'tup_fetched': 200239.0, 'tup_inserted': 0.0, 'conflicts': 0.0, 'tup_updated': 0.0, 'tup_deleted': 0.0, 'disk_read_count': 951242.0, 'disk_write_count': 0.0, 'disk_read_bytes': 7792574464.0, 'disk_write_bytes': 0.0}","{
  ""size"": 10,
  ""read_ratio"": 0.9,
  ""group_by_ratio"": 0.9,
  ""order_by_ratio"": 0.9,
  ""avg_query_length"": 502.0,
  ""avg_joins"": 2.1,
  ""filter_ratio"": 0.8
}","[
    ""Sort(cost=493864.3)(Aggregate(cost=490146.2)(Gather(cost=482131.0)(Aggregate(cost=397493.4)(Hash Join(cost=378982.9)(Seq Scan(cost=313133.2); Hash(cost=45515.2)(Seq Scan(cost=45515.2)))))))"",
    ""Sort(cost=104997.7)(Aggregate(cost=101431.3)(Gather(cost=96735.4)(Aggregate(cost=55484.4)(Hash Join(cost=46846.0)(Seq Scan(cost=39047.3); Hash(cost=2290.7)(Seq Scan(cost=2290.7)))))))"",
    ""Sort(cost=2272521.0)(Aggregate(cost=2217635.8)(Gather Merge(cost=2121004.7)(Aggregate(cost=894518.6)(Sort(cost=860803.2)(Hash Join(cost=416220.2)(Seq Scan(cost=328235.0); Hash(cost=66083.3)(Seq Scan(cost=66083.3))))))))"",
    ""Sort(cost=35851.1)(Aggregate(cost=35797.7)(Gather Merge(cost=35725.1)(Aggregate(cost=34431.2)(Sort(cost=34405.7)(Nested Loop(cost=34336.9)(Bitmap Heap Scan(cost=18484.6)(Bitmap Index Scan(cost=100.9)); Index Scan(cost=7.0)))))))"",
    ""Gather(cost=15932.2)(Hash Join(cost=14498.3)(Nested Loop(cost=14493.4)(Merge Join(cost=7288.1)(Index Scan(cost=85896.2); Sort(cost=925.5)(Bitmap Heap Scan(cost=412.5)(Bitmap Index Scan(cost=142.3)))); Index Scan(cost=6.6)); Hash(cost=1.2)(Seq Scan(cost=1.2))))"",
    ""Sort(cost=134603.1)(Aggregate(cost=130885.1)(Gather(cost=126006.2)(Aggregate(cost=83187.4)(Hash Join(cost=79408.6)(Seq Scan(cost=27206.5); Hash(cost=45515.2)(Seq Scan(cost=45515.2)))))))"",
    ""Sort(cost=149815.5)(Aggregate(cost=146097.5)(Gather(cost=141218.6)(Aggregate(cost=98399.8)(Hash Join(cost=92870.8)(Seq Scan(cost=39047.3); Hash(cost=45515.2)(Seq Scan(cost=45515.2)))))))"",
    ""Sort(cost=25.8)(Aggregate(cost=25.8)(Sort(cost=25.8)(Nested Loop(cost=25.8)(Index Scan(cost=17.3); Index Scan(cost=8.4)))))""
  ]",8,0.381801476,0.343621329
job_0,"{'shared_buffers': 45015.0, 'work_mem': 81321.0, 'maintenance_work_mem': 1439701.0, 'effective_cache_size': 821075.0, 'max_connections': 453.0, 'wal_buffers': 6801.0, 'checkpoint_completion_target': 0.6136278708608053, 'checkpoint_timeout': 745.0, 'effective_io_concurrency': 146.0, 'join_collapse_limit': 13.0, 'from_collapse_limit': 15.0, 'bgwriter_delay': 292.0, 'bgwriter_lru_multiplier': 2.095139432721478, 'default_statistics_target': 234.0, 'max_parallel_workers_per_gather': 3.0}","{'xact_commit': 38.0, 'xact_rollback': 0.0, 'blks_read': 929629.0, 'blks_hit': 41813.0, 'tup_returned': 113866630.0, 'tup_fetched': 200239.0, 'tup_inserted': 0.0, 'conflicts': 0.0, 'tup_updated': 0.0, 'tup_deleted': 0.0, 'disk_read_count': 951242.0, 'disk_write_count': 0.0, 'disk_read_bytes': 7792574464.0, 'disk_write_bytes': 0.0}","{
  ""size"": 10,
  ""read_ratio"": 0.9,
  ""group_by_ratio"": 0.9,
  ""order_by_ratio"": 0.9,
  ""avg_query_length"": 502.0,
  ""avg_joins"": 2.1,
  ""filter_ratio"": 0.8
}","[
    ""Sort(cost=493864.3)(Aggregate(cost=490146.2)(Gather(cost=482131.0)(Aggregate(cost=397493.4)(Hash Join(cost=378982.9)(Seq Scan(cost=313133.2); Hash(cost=45515.2)(Seq Scan(cost=45515.2)))))))"",
    ""Sort(cost=104997.7)(Aggregate(cost=101431.3)(Gather(cost=96735.4)(Aggregate(cost=55484.4)(Hash Join(cost=46846.0)(Seq Scan(cost=39047.3); Hash(cost=2290.7)(Seq Scan(cost=2290.7)))))))"",
    ""Sort(cost=2272521.0)(Aggregate(cost=2217635.8)(Gather Merge(cost=2121004.7)(Aggregate(cost=894518.6)(Sort(cost=860803.2)(Hash Join(cost=416220.2)(Seq Scan(cost=328235.0); Hash(cost=66083.3)(Seq Scan(cost=66083.3))))))))"",
    ""Sort(cost=35851.1)(Aggregate(cost=35797.7)(Gather Merge(cost=35725.1)(Aggregate(cost=34431.2)(Sort(cost=34405.7)(Nested Loop(cost=34336.9)(Bitmap Heap Scan(cost=18484.6)(Bitmap Index Scan(cost=100.9)); Index Scan(cost=7.0)))))))"",
    ""Gather(cost=15932.2)(Hash Join(cost=14498.3)(Nested Loop(cost=14493.4)(Merge Join(cost=7288.1)(Index Scan(cost=85896.2); Sort(cost=925.5)(Bitmap Heap Scan(cost=412.5)(Bitmap Index Scan(cost=142.3)))); Index Scan(cost=6.6)); Hash(cost=1.2)(Seq Scan(cost=1.2))))"",
    ""Sort(cost=134603.1)(Aggregate(cost=130885.1)(Gather(cost=126006.2)(Aggregate(cost=83187.4)(Hash Join(cost=79408.6)(Seq Scan(cost=27206.5); Hash(cost=45515.2)(Seq Scan(cost=45515.2)))))))"",
    ""Sort(cost=149815.5)(Aggregate(cost=146097.5)(Gather(cost=141218.6)(Aggregate(cost=98399.8)(Hash Join(cost=92870.8)(Seq Scan(cost=39047.3); Hash(cost=45515.2)(Seq Scan(cost=45515.2)))))))"",
    ""Sort(cost=25.8)(Aggregate(cost=25.8)(Sort(cost=25.8)(Nested Loop(cost=25.8)(Index Scan(cost=17.3); Index Scan(cost=8.4)))))""
  ]",8,0.404470358,0.364023322
job_0,"{'shared_buffers': 201447.0, 'work_mem': 74325.0, 'maintenance_work_mem': 1442076.0, 'effective_cache_size': 909781.0, 'max_connections': 493.0, 'wal_buffers': 6727.0, 'checkpoint_completion_target': 0.6520508786786261, 'checkpoint_timeout': 597.0, 'effective_io_concurrency': 150.0, 'join_collapse_limit': 13.0, 'from_collapse_limit': 15.0, 'bgwriter_delay': 423.0, 'bgwriter_lru_multiplier': 2.5991254432042257, 'default_statistics_target': 221.0, 'max_parallel_workers_per_gather': 3.0}","{'xact_commit': 38.0, 'xact_rollback': 0.0, 'blks_read': 929629.0, 'blks_hit': 41813.0, 'tup_returned': 113866630.0, 'tup_fetched': 200239.0, 'tup_inserted': 0.0, 'conflicts': 0.0, 'tup_updated': 0.0, 'tup_deleted': 0.0, 'disk_read_count': 951242.0, 'disk_write_count': 0.0, 'disk_read_bytes': 7792574464.0, 'disk_write_bytes': 0.0}","{
  ""size"": 10,
  ""read_ratio"": 0.9,
  ""group_by_ratio"": 0.9,
  ""order_by_ratio"": 0.9,
  ""avg_query_length"": 502.0,
  ""avg_joins"": 2.1,
  ""filter_ratio"": 0.8
}","[
    ""Sort(cost=493864.3)(Aggregate(cost=490146.2)(Gather(cost=482131.0)(Aggregate(cost=397493.4)(Hash Join(cost=378982.9)(Seq Scan(cost=313133.2); Hash(cost=45515.2)(Seq Scan(cost=45515.2)))))))"",
    ""Sort(cost=104997.7)(Aggregate(cost=101431.3)(Gather(cost=96735.4)(Aggregate(cost=55484.4)(Hash Join(cost=46846.0)(Seq Scan(cost=39047.3); Hash(cost=2290.7)(Seq Scan(cost=2290.7)))))))"",
    ""Sort(cost=2272521.0)(Aggregate(cost=2217635.8)(Gather Merge(cost=2121004.7)(Aggregate(cost=894518.6)(Sort(cost=860803.2)(Hash Join(cost=416220.2)(Seq Scan(cost=328235.0); Hash(cost=66083.3)(Seq Scan(cost=66083.3))))))))"",
    ""Sort(cost=35851.1)(Aggregate(cost=35797.7)(Gather Merge(cost=35725.1)(Aggregate(cost=34431.2)(Sort(cost=34405.7)(Nested Loop(cost=34336.9)(Bitmap Heap Scan(cost=18484.6)(Bitmap Index Scan(cost=100.9)); Index Scan(cost=7.0)))))))"",
    ""Gather(cost=15932.2)(Hash Join(cost=14498.3)(Nested Loop(cost=14493.4)(Merge Join(cost=7288.1)(Index Scan(cost=85896.2); Sort(cost=925.5)(Bitmap Heap Scan(cost=412.5)(Bitmap Index Scan(cost=142.3)))); Index Scan(cost=6.6)); Hash(cost=1.2)(Seq Scan(cost=1.2))))"",
    ""Sort(cost=134603.1)(Aggregate(cost=130885.1)(Gather(cost=126006.2)(Aggregate(cost=83187.4)(Hash Join(cost=79408.6)(Seq Scan(cost=27206.5); Hash(cost=45515.2)(Seq Scan(cost=45515.2)))))))"",
    ""Sort(cost=149815.5)(Aggregate(cost=146097.5)(Gather(cost=141218.6)(Aggregate(cost=98399.8)(Hash Join(cost=92870.8)(Seq Scan(cost=39047.3); Hash(cost=45515.2)(Seq Scan(cost=45515.2)))))))"",
    ""Sort(cost=25.8)(Aggregate(cost=25.8)(Sort(cost=25.8)(Nested Loop(cost=25.8)(Index Scan(cost=17.3); Index Scan(cost=8.4)))))""
  ]",8,0.382532598,0.344279338
job_0,"{'shared_buffers': 348687.0, 'work_mem': 84662.0, 'maintenance_work_mem': 1304666.0, 'effective_cache_size': 192924.0, 'max_connections': 480.0, 'wal_buffers': 2384.0, 'checkpoint_completion_target': 0.5852877487693894, 'checkpoint_timeout': 1606.0, 'effective_io_concurrency': 227.0, 'join_collapse_limit': 17.0, 'from_collapse_limit': 18.0, 'bgwriter_delay': 248.0, 'bgwriter_lru_multiplier': 6.059831065287527, 'default_statistics_target': 83.0, 'max_parallel_workers_per_gather': 5.0}","{'xact_commit': 38.0, 'xact_rollback': 0.0, 'blks_read': 929629.0, 'blks_hit': 41813.0, 'tup_returned': 113866630.0, 'tup_fetched': 200239.0, 'tup_inserted': 0.0, 'conflicts': 0.0, 'tup_updated': 0.0, 'tup_deleted': 0.0, 'disk_read_count': 951242.0, 'disk_write_count': 0.0, 'disk_read_bytes': 7792574464.0, 'disk_write_bytes': 0.0}","{
  ""size"": 10,
  ""read_ratio"": 0.9,
  ""group_by_ratio"": 0.9,
  ""order_by_ratio"": 0.9,
  ""avg_query_length"": 502.0,
  ""avg_joins"": 2.1,
  ""filter_ratio"": 0.8
}","[
    ""Sort(cost=493864.3)(Aggregate(cost=490146.2)(Gather(cost=482131.0)(Aggregate(cost=397493.4)(Hash Join(cost=378982.9)(Seq Scan(cost=313133.2); Hash(cost=45515.2)(Seq Scan(cost=45515.2)))))))"",
    ""Sort(cost=104997.7)(Aggregate(cost=101431.3)(Gather(cost=96735.4)(Aggregate(cost=55484.4)(Hash Join(cost=46846.0)(Seq Scan(cost=39047.3); Hash(cost=2290.7)(Seq Scan(cost=2290.7)))))))"",
    ""Sort(cost=2272521.0)(Aggregate(cost=2217635.8)(Gather Merge(cost=2121004.7)(Aggregate(cost=894518.6)(Sort(cost=860803.2)(Hash Join(cost=416220.2)(Seq Scan(cost=328235.0); Hash(cost=66083.3)(Seq Scan(cost=66083.3))))))))"",
    ""Sort(cost=35851.1)(Aggregate(cost=35797.7)(Gather Merge(cost=35725.1)(Aggregate(cost=34431.2)(Sort(cost=34405.7)(Nested Loop(cost=34336.9)(Bitmap Heap Scan(cost=18484.6)(Bitmap Index Scan(cost=100.9)); Index Scan(cost=7.0)))))))"",
    ""Gather(cost=15932.2)(Hash Join(cost=14498.3)(Nested Loop(cost=14493.4)(Merge Join(cost=7288.1)(Index Scan(cost=85896.2); Sort(cost=925.5)(Bitmap Heap Scan(cost=412.5)(Bitmap Index Scan(cost=142.3)))); Index Scan(cost=6.6)); Hash(cost=1.2)(Seq Scan(cost=1.2))))"",
    ""Sort(cost=134603.1)(Aggregate(cost=130885.1)(Gather(cost=126006.2)(Aggregate(cost=83187.4)(Hash Join(cost=79408.6)(Seq Scan(cost=27206.5); Hash(cost=45515.2)(Seq Scan(cost=45515.2)))))))"",
    ""Sort(cost=149815.5)(Aggregate(cost=146097.5)(Gather(cost=141218.6)(Aggregate(cost=98399.8)(Hash Join(cost=92870.8)(Seq Scan(cost=39047.3); Hash(cost=45515.2)(Seq Scan(cost=45515.2)))))))"",
    ""Sort(cost=25.8)(Aggregate(cost=25.8)(Sort(cost=25.8)(Nested Loop(cost=25.8)(Index Scan(cost=17.3); Index Scan(cost=8.4)))))""
  ]",8,0.220499818,0.198449836
job_0,"{'shared_buffers': 138289.0, 'work_mem': 82215.0, 'maintenance_work_mem': 1438011.0, 'effective_cache_size': 777064.0, 'max_connections': 467.0, 'wal_buffers': 5943.0, 'checkpoint_completion_target': 0.7533089129544337, 'checkpoint_timeout': 578.0, 'effective_io_concurrency': 143.0, 'join_collapse_limit': 13.0, 'from_collapse_limit': 14.0, 'bgwriter_delay': 272.0, 'bgwriter_lru_multiplier': 1.8188882418148784, 'default_statistics_target': 177.0, 'max_parallel_workers_per_gather': 3.0}","{'xact_commit': 38.0, 'xact_rollback': 0.0, 'blks_read': 929629.0, 'blks_hit': 41813.0, 'tup_returned': 113866630.0, 'tup_fetched': 200239.0, 'tup_inserted': 0.0, 'conflicts': 0.0, 'tup_updated': 0.0, 'tup_deleted': 0.0, 'disk_read_count': 951242.0, 'disk_write_count': 0.0, 'disk_read_bytes': 7792574464.0, 'disk_write_bytes': 0.0}","{
  ""size"": 10,
  ""read_ratio"": 0.9,
  ""group_by_ratio"": 0.9,
  ""order_by_ratio"": 0.9,
  ""avg_query_length"": 502.0,
  ""avg_joins"": 2.1,
  ""filter_ratio"": 0.8
}","[
    ""Sort(cost=493864.3)(Aggregate(cost=490146.2)(Gather(cost=482131.0)(Aggregate(cost=397493.4)(Hash Join(cost=378982.9)(Seq Scan(cost=313133.2); Hash(cost=45515.2)(Seq Scan(cost=45515.2)))))))"",
    ""Sort(cost=104997.7)(Aggregate(cost=101431.3)(Gather(cost=96735.4)(Aggregate(cost=55484.4)(Hash Join(cost=46846.0)(Seq Scan(cost=39047.3); Hash(cost=2290.7)(Seq Scan(cost=2290.7)))))))"",
    ""Sort(cost=2272521.0)(Aggregate(cost=2217635.8)(Gather Merge(cost=2121004.7)(Aggregate(cost=894518.6)(Sort(cost=860803.2)(Hash Join(cost=416220.2)(Seq Scan(cost=328235.0); Hash(cost=66083.3)(Seq Scan(cost=66083.3))))))))"",
    ""Sort(cost=35851.1)(Aggregate(cost=35797.7)(Gather Merge(cost=35725.1)(Aggregate(cost=34431.2)(Sort(cost=34405.7)(Nested Loop(cost=34336.9)(Bitmap Heap Scan(cost=18484.6)(Bitmap Index Scan(cost=100.9)); Index Scan(cost=7.0)))))))"",
    ""Gather(cost=15932.2)(Hash Join(cost=14498.3)(Nested Loop(cost=14493.4)(Merge Join(cost=7288.1)(Index Scan(cost=85896.2); Sort(cost=925.5)(Bitmap Heap Scan(cost=412.5)(Bitmap Index Scan(cost=142.3)))); Index Scan(cost=6.6)); Hash(cost=1.2)(Seq Scan(cost=1.2))))"",
    ""Sort(cost=134603.1)(Aggregate(cost=130885.1)(Gather(cost=126006.2)(Aggregate(cost=83187.4)(Hash Join(cost=79408.6)(Seq Scan(cost=27206.5); Hash(cost=45515.2)(Seq Scan(cost=45515.2)))))))"",
    ""Sort(cost=149815.5)(Aggregate(cost=146097.5)(Gather(cost=141218.6)(Aggregate(cost=98399.8)(Hash Join(cost=92870.8)(Seq Scan(cost=39047.3); Hash(cost=45515.2)(Seq Scan(cost=45515.2)))))))"",
    ""Sort(cost=25.8)(Aggregate(cost=25.8)(Sort(cost=25.8)(Nested Loop(cost=25.8)(Index Scan(cost=17.3); Index Scan(cost=8.4)))))""
  ]",8,0.405028683,0.364525814
job_0,"{'shared_buffers': 128653.0, 'work_mem': 74380.0, 'maintenance_work_mem': 1437746.0, 'effective_cache_size': 1104260.0, 'max_connections': 462.0, 'wal_buffers': 6878.0, 'checkpoint_completion_target': 0.6386646613744507, 'checkpoint_timeout': 704.0, 'effective_io_concurrency': 137.0, 'join_collapse_limit': 13.0, 'from_collapse_limit': 15.0, 'bgwriter_delay': 357.0, 'bgwriter_lru_multiplier': 1.8901821348149646, 'default_statistics_target': 262.0, 'max_parallel_workers_per_gather': 3.0}","{'xact_commit': 38.0, 'xact_rollback': 0.0, 'blks_read': 929629.0, 'blks_hit': 41813.0, 'tup_returned': 113866630.0, 'tup_fetched': 200239.0, 'tup_inserted': 0.0, 'conflicts': 0.0, 'tup_updated': 0.0, 'tup_deleted': 0.0, 'disk_read_count': 951242.0, 'disk_write_count': 0.0, 'disk_read_bytes': 7792574464.0, 'disk_write_bytes': 0.0}","{
  ""size"": 10,
  ""read_ratio"": 0.9,
  ""group_by_ratio"": 0.9,
  ""order_by_ratio"": 0.9,
  ""avg_query_length"": 502.0,
  ""avg_joins"": 2.1,
  ""filter_ratio"": 0.8
}","[
    ""Sort(cost=493864.3)(Aggregate(cost=490146.2)(Gather(cost=482131.0)(Aggregate(cost=397493.4)(Hash Join(cost=378982.9)(Seq Scan(cost=313133.2); Hash(cost=45515.2)(Seq Scan(cost=45515.2)))))))"",
    ""Sort(cost=104997.7)(Aggregate(cost=101431.3)(Gather(cost=96735.4)(Aggregate(cost=55484.4)(Hash Join(cost=46846.0)(Seq Scan(cost=39047.3); Hash(cost=2290.7)(Seq Scan(cost=2290.7)))))))"",
    ""Sort(cost=2272521.0)(Aggregate(cost=2217635.8)(Gather Merge(cost=2121004.7)(Aggregate(cost=894518.6)(Sort(cost=860803.2)(Hash Join(cost=416220.2)(Seq Scan(cost=328235.0); Hash(cost=66083.3)(Seq Scan(cost=66083.3))))))))"",
    ""Sort(cost=35851.1)(Aggregate(cost=35797.7)(Gather Merge(cost=35725.1)(Aggregate(cost=34431.2)(Sort(cost=34405.7)(Nested Loop(cost=34336.9)(Bitmap Heap Scan(cost=18484.6)(Bitmap Index Scan(cost=100.9)); Index Scan(cost=7.0)))))))"",
    ""Gather(cost=15932.2)(Hash Join(cost=14498.3)(Nested Loop(cost=14493.4)(Merge Join(cost=7288.1)(Index Scan(cost=85896.2); Sort(cost=925.5)(Bitmap Heap Scan(cost=412.5)(Bitmap Index Scan(cost=142.3)))); Index Scan(cost=6.6)); Hash(cost=1.2)(Seq Scan(cost=1.2))))"",
    ""Sort(cost=134603.1)(Aggregate(cost=130885.1)(Gather(cost=126006.2)(Aggregate(cost=83187.4)(Hash Join(cost=79408.6)(Seq Scan(cost=27206.5); Hash(cost=45515.2)(Seq Scan(cost=45515.2)))))))"",
    ""Sort(cost=149815.5)(Aggregate(cost=146097.5)(Gather(cost=141218.6)(Aggregate(cost=98399.8)(Hash Join(cost=92870.8)(Seq Scan(cost=39047.3); Hash(cost=45515.2)(Seq Scan(cost=45515.2)))))))"",
    ""Sort(cost=25.8)(Aggregate(cost=25.8)(Sort(cost=25.8)(Nested Loop(cost=25.8)(Index Scan(cost=17.3); Index Scan(cost=8.4)))))""
  ]",8,0.593427477,0.534084729
job_0,"{'shared_buffers': 1012899.0, 'work_mem': 242122.0, 'maintenance_work_mem': 1899983.0, 'effective_cache_size': 2453914.0, 'max_connections': 187.0, 'wal_buffers': 6313.0, 'checkpoint_completion_target': 0.8921813541053288, 'checkpoint_timeout': 1199.0, 'effective_io_concurrency': 276.0, 'join_collapse_limit': 20.0, 'from_collapse_limit': 9.0, 'bgwriter_delay': 403.0, 'bgwriter_lru_multiplier': 3.329621441879704, 'default_statistics_target': 238.0, 'max_parallel_workers_per_gather': 5.0}","{'xact_commit': 38.0, 'xact_rollback': 0.0, 'blks_read': 929629.0, 'blks_hit': 41813.0, 'tup_returned': 113866630.0, 'tup_fetched': 200239.0, 'tup_inserted': 0.0, 'conflicts': 0.0, 'tup_updated': 0.0, 'tup_deleted': 0.0, 'disk_read_count': 951242.0, 'disk_write_count': 0.0, 'disk_read_bytes': 7792574464.0, 'disk_write_bytes': 0.0}","{
  ""size"": 10,
  ""read_ratio"": 0.9,
  ""group_by_ratio"": 0.9,
  ""order_by_ratio"": 0.9,
  ""avg_query_length"": 502.0,
  ""avg_joins"": 2.1,
  ""filter_ratio"": 0.8
}","[
    ""Sort(cost=493864.3)(Aggregate(cost=490146.2)(Gather(cost=482131.0)(Aggregate(cost=397493.4)(Hash Join(cost=378982.9)(Seq Scan(cost=313133.2); Hash(cost=45515.2)(Seq Scan(cost=45515.2)))))))"",
    ""Sort(cost=104997.7)(Aggregate(cost=101431.3)(Gather(cost=96735.4)(Aggregate(cost=55484.4)(Hash Join(cost=46846.0)(Seq Scan(cost=39047.3); Hash(cost=2290.7)(Seq Scan(cost=2290.7)))))))"",
    ""Sort(cost=2272521.0)(Aggregate(cost=2217635.8)(Gather Merge(cost=2121004.7)(Aggregate(cost=894518.6)(Sort(cost=860803.2)(Hash Join(cost=416220.2)(Seq Scan(cost=328235.0); Hash(cost=66083.3)(Seq Scan(cost=66083.3))))))))"",
    ""Sort(cost=35851.1)(Aggregate(cost=35797.7)(Gather Merge(cost=35725.1)(Aggregate(cost=34431.2)(Sort(cost=34405.7)(Nested Loop(cost=34336.9)(Bitmap Heap Scan(cost=18484.6)(Bitmap Index Scan(cost=100.9)); Index Scan(cost=7.0)))))))"",
    ""Gather(cost=15932.2)(Hash Join(cost=14498.3)(Nested Loop(cost=14493.4)(Merge Join(cost=7288.1)(Index Scan(cost=85896.2); Sort(cost=925.5)(Bitmap Heap Scan(cost=412.5)(Bitmap Index Scan(cost=142.3)))); Index Scan(cost=6.6)); Hash(cost=1.2)(Seq Scan(cost=1.2))))"",
    ""Sort(cost=134603.1)(Aggregate(cost=130885.1)(Gather(cost=126006.2)(Aggregate(cost=83187.4)(Hash Join(cost=79408.6)(Seq Scan(cost=27206.5); Hash(cost=45515.2)(Seq Scan(cost=45515.2)))))))"",
    ""Sort(cost=149815.5)(Aggregate(cost=146097.5)(Gather(cost=141218.6)(Aggregate(cost=98399.8)(Hash Join(cost=92870.8)(Seq Scan(cost=39047.3); Hash(cost=45515.2)(Seq Scan(cost=45515.2)))))))"",
    ""Sort(cost=25.8)(Aggregate(cost=25.8)(Sort(cost=25.8)(Nested Loop(cost=25.8)(Index Scan(cost=17.3); Index Scan(cost=8.4)))))""
  ]",8,0.347134381,0.312420943
job_0,"{'shared_buffers': 1466253.0, 'work_mem': 29948.0, 'maintenance_work_mem': 923785.0, 'effective_cache_size': 949505.0, 'max_connections': 120.0, 'wal_buffers': 5225.0, 'checkpoint_completion_target': 0.630754626169307, 'checkpoint_timeout': 1738.0, 'effective_io_concurrency': 245.0, 'join_collapse_limit': 9.0, 'from_collapse_limit': 17.0, 'bgwriter_delay': 156.0, 'bgwriter_lru_multiplier': 5.064738688940945, 'default_statistics_target': 72.0, 'max_parallel_workers_per_gather': 7.0}","{'xact_commit': 38.0, 'xact_rollback': 0.0, 'blks_read': 929629.0, 'blks_hit': 41813.0, 'tup_returned': 113866630.0, 'tup_fetched': 200239.0, 'tup_inserted': 0.0, 'conflicts': 0.0, 'tup_updated': 0.0, 'tup_deleted': 0.0, 'disk_read_count': 951242.0, 'disk_write_count': 0.0, 'disk_read_bytes': 7792574464.0, 'disk_write_bytes': 0.0}","{
  ""size"": 10,
  ""read_ratio"": 0.9,
  ""group_by_ratio"": 0.9,
  ""order_by_ratio"": 0.9,
  ""avg_query_length"": 502.0,
  ""avg_joins"": 2.1,
  ""filter_ratio"": 0.8
}","[
    ""Sort(cost=493864.3)(Aggregate(cost=490146.2)(Gather(cost=482131.0)(Aggregate(cost=397493.4)(Hash Join(cost=378982.9)(Seq Scan(cost=313133.2); Hash(cost=45515.2)(Seq Scan(cost=45515.2)))))))"",
    ""Sort(cost=104997.7)(Aggregate(cost=101431.3)(Gather(cost=96735.4)(Aggregate(cost=55484.4)(Hash Join(cost=46846.0)(Seq Scan(cost=39047.3); Hash(cost=2290.7)(Seq Scan(cost=2290.7)))))))"",
    ""Sort(cost=2272521.0)(Aggregate(cost=2217635.8)(Gather Merge(cost=2121004.7)(Aggregate(cost=894518.6)(Sort(cost=860803.2)(Hash Join(cost=416220.2)(Seq Scan(cost=328235.0); Hash(cost=66083.3)(Seq Scan(cost=66083.3))))))))"",
    ""Sort(cost=35851.1)(Aggregate(cost=35797.7)(Gather Merge(cost=35725.1)(Aggregate(cost=34431.2)(Sort(cost=34405.7)(Nested Loop(cost=34336.9)(Bitmap Heap Scan(cost=18484.6)(Bitmap Index Scan(cost=100.9)); Index Scan(cost=7.0)))))))"",
    ""Gather(cost=15932.2)(Hash Join(cost=14498.3)(Nested Loop(cost=14493.4)(Merge Join(cost=7288.1)(Index Scan(cost=85896.2); Sort(cost=925.5)(Bitmap Heap Scan(cost=412.5)(Bitmap Index Scan(cost=142.3)))); Index Scan(cost=6.6)); Hash(cost=1.2)(Seq Scan(cost=1.2))))"",
    ""Sort(cost=134603.1)(Aggregate(cost=130885.1)(Gather(cost=126006.2)(Aggregate(cost=83187.4)(Hash Join(cost=79408.6)(Seq Scan(cost=27206.5); Hash(cost=45515.2)(Seq Scan(cost=45515.2)))))))"",
    ""Sort(cost=149815.5)(Aggregate(cost=146097.5)(Gather(cost=141218.6)(Aggregate(cost=98399.8)(Hash Join(cost=92870.8)(Seq Scan(cost=39047.3); Hash(cost=45515.2)(Seq Scan(cost=45515.2)))))))"",
    ""Sort(cost=25.8)(Aggregate(cost=25.8)(Sort(cost=25.8)(Nested Loop(cost=25.8)(Index Scan(cost=17.3); Index Scan(cost=8.4)))))""
  ]",8,0.367826529,0.331043876
job_0,"{'shared_buffers': 177759.0, 'work_mem': 73844.0, 'maintenance_work_mem': 1438870.0, 'effective_cache_size': 751809.0, 'max_connections': 470.0, 'wal_buffers': 6030.0, 'checkpoint_completion_target': 0.5823868488064479, 'checkpoint_timeout': 732.0, 'effective_io_concurrency': 125.0, 'join_collapse_limit': 13.0, 'from_collapse_limit': 14.0, 'bgwriter_delay': 296.0, 'bgwriter_lru_multiplier': 1.7482011349099555, 'default_statistics_target': 314.0, 'max_parallel_workers_per_gather': 3.0}","{'xact_commit': 38.0, 'xact_rollback': 0.0, 'blks_read': 929629.0, 'blks_hit': 41813.0, 'tup_returned': 113866630.0, 'tup_fetched': 200239.0, 'tup_inserted': 0.0, 'conflicts': 0.0, 'tup_updated': 0.0, 'tup_deleted': 0.0, 'disk_read_count': 951242.0, 'disk_write_count': 0.0, 'disk_read_bytes': 7792574464.0, 'disk_write_bytes': 0.0}","{
  ""size"": 10,
  ""read_ratio"": 0.9,
  ""group_by_ratio"": 0.9,
  ""order_by_ratio"": 0.9,
  ""avg_query_length"": 502.0,
  ""avg_joins"": 2.1,
  ""filter_ratio"": 0.8
}","[
    ""Sort(cost=493864.3)(Aggregate(cost=490146.2)(Gather(cost=482131.0)(Aggregate(cost=397493.4)(Hash Join(cost=378982.9)(Seq Scan(cost=313133.2); Hash(cost=45515.2)(Seq Scan(cost=45515.2)))))))"",
    ""Sort(cost=104997.7)(Aggregate(cost=101431.3)(Gather(cost=96735.4)(Aggregate(cost=55484.4)(Hash Join(cost=46846.0)(Seq Scan(cost=39047.3); Hash(cost=2290.7)(Seq Scan(cost=2290.7)))))))"",
    ""Sort(cost=2272521.0)(Aggregate(cost=2217635.8)(Gather Merge(cost=2121004.7)(Aggregate(cost=894518.6)(Sort(cost=860803.2)(Hash Join(cost=416220.2)(Seq Scan(cost=328235.0); Hash(cost=66083.3)(Seq Scan(cost=66083.3))))))))"",
    ""Sort(cost=35851.1)(Aggregate(cost=35797.7)(Gather Merge(cost=35725.1)(Aggregate(cost=34431.2)(Sort(cost=34405.7)(Nested Loop(cost=34336.9)(Bitmap Heap Scan(cost=18484.6)(Bitmap Index Scan(cost=100.9)); Index Scan(cost=7.0)))))))"",
    ""Gather(cost=15932.2)(Hash Join(cost=14498.3)(Nested Loop(cost=14493.4)(Merge Join(cost=7288.1)(Index Scan(cost=85896.2); Sort(cost=925.5)(Bitmap Heap Scan(cost=412.5)(Bitmap Index Scan(cost=142.3)))); Index Scan(cost=6.6)); Hash(cost=1.2)(Seq Scan(cost=1.2))))"",
    ""Sort(cost=134603.1)(Aggregate(cost=130885.1)(Gather(cost=126006.2)(Aggregate(cost=83187.4)(Hash Join(cost=79408.6)(Seq Scan(cost=27206.5); Hash(cost=45515.2)(Seq Scan(cost=45515.2)))))))"",
    ""Sort(cost=149815.5)(Aggregate(cost=146097.5)(Gather(cost=141218.6)(Aggregate(cost=98399.8)(Hash Join(cost=92870.8)(Seq Scan(cost=39047.3); Hash(cost=45515.2)(Seq Scan(cost=45515.2)))))))"",
    ""Sort(cost=25.8)(Aggregate(cost=25.8)(Sort(cost=25.8)(Nested Loop(cost=25.8)(Index Scan(cost=17.3); Index Scan(cost=8.4)))))""
  ]",8,0.586462343,0.527816109
job_0,"{'shared_buffers': 130983.0, 'work_mem': 71056.0, 'maintenance_work_mem': 1466956.0, 'effective_cache_size': 771448.0, 'max_connections': 436.0, 'wal_buffers': 7209.0, 'checkpoint_completion_target': 0.6021222149167831, 'checkpoint_timeout': 699.0, 'effective_io_concurrency': 145.0, 'join_collapse_limit': 13.0, 'from_collapse_limit': 15.0, 'bgwriter_delay': 278.0, 'bgwriter_lru_multiplier': 2.3521830505785717, 'default_statistics_target': 270.0, 'max_parallel_workers_per_gather': 3.0}","{'xact_commit': 38.0, 'xact_rollback': 0.0, 'blks_read': 929629.0, 'blks_hit': 41813.0, 'tup_returned': 113866630.0, 'tup_fetched': 200239.0, 'tup_inserted': 0.0, 'conflicts': 0.0, 'tup_updated': 0.0, 'tup_deleted': 0.0, 'disk_read_count': 951242.0, 'disk_write_count': 0.0, 'disk_read_bytes': 7792574464.0, 'disk_write_bytes': 0.0}","{
  ""size"": 10,
  ""read_ratio"": 0.9,
  ""group_by_ratio"": 0.9,
  ""order_by_ratio"": 0.9,
  ""avg_query_length"": 502.0,
  ""avg_joins"": 2.1,
  ""filter_ratio"": 0.8
}","[
    ""Sort(cost=493864.3)(Aggregate(cost=490146.2)(Gather(cost=482131.0)(Aggregate(cost=397493.4)(Hash Join(cost=378982.9)(Seq Scan(cost=313133.2); Hash(cost=45515.2)(Seq Scan(cost=45515.2)))))))"",
    ""Sort(cost=104997.7)(Aggregate(cost=101431.3)(Gather(cost=96735.4)(Aggregate(cost=55484.4)(Hash Join(cost=46846.0)(Seq Scan(cost=39047.3); Hash(cost=2290.7)(Seq Scan(cost=2290.7)))))))"",
    ""Sort(cost=2272521.0)(Aggregate(cost=2217635.8)(Gather Merge(cost=2121004.7)(Aggregate(cost=894518.6)(Sort(cost=860803.2)(Hash Join(cost=416220.2)(Seq Scan(cost=328235.0); Hash(cost=66083.3)(Seq Scan(cost=66083.3))))))))"",
    ""Sort(cost=35851.1)(Aggregate(cost=35797.7)(Gather Merge(cost=35725.1)(Aggregate(cost=34431.2)(Sort(cost=34405.7)(Nested Loop(cost=34336.9)(Bitmap Heap Scan(cost=18484.6)(Bitmap Index Scan(cost=100.9)); Index Scan(cost=7.0)))))))"",
    ""Gather(cost=15932.2)(Hash Join(cost=14498.3)(Nested Loop(cost=14493.4)(Merge Join(cost=7288.1)(Index Scan(cost=85896.2); Sort(cost=925.5)(Bitmap Heap Scan(cost=412.5)(Bitmap Index Scan(cost=142.3)))); Index Scan(cost=6.6)); Hash(cost=1.2)(Seq Scan(cost=1.2))))"",
    ""Sort(cost=134603.1)(Aggregate(cost=130885.1)(Gather(cost=126006.2)(Aggregate(cost=83187.4)(Hash Join(cost=79408.6)(Seq Scan(cost=27206.5); Hash(cost=45515.2)(Seq Scan(cost=45515.2)))))))"",
    ""Sort(cost=149815.5)(Aggregate(cost=146097.5)(Gather(cost=141218.6)(Aggregate(cost=98399.8)(Hash Join(cost=92870.8)(Seq Scan(cost=39047.3); Hash(cost=45515.2)(Seq Scan(cost=45515.2)))))))"",
    ""Sort(cost=25.8)(Aggregate(cost=25.8)(Sort(cost=25.8)(Nested Loop(cost=25.8)(Index Scan(cost=17.3); Index Scan(cost=8.4)))))""
  ]",8,0.404892666,0.364403399
job_0,"{'shared_buffers': 142584.0, 'work_mem': 72857.0, 'maintenance_work_mem': 1368888.0, 'effective_cache_size': 821128.0, 'max_connections': 471.0, 'wal_buffers': 5424.0, 'checkpoint_completion_target': 0.6402412587618271, 'checkpoint_timeout': 749.0, 'effective_io_concurrency': 138.0, 'join_collapse_limit': 13.0, 'from_collapse_limit': 15.0, 'bgwriter_delay': 296.0, 'bgwriter_lru_multiplier': 2.8746963504116785, 'default_statistics_target': 260.0, 'max_parallel_workers_per_gather': 3.0}","{'xact_commit': 38.0, 'xact_rollback': 0.0, 'blks_read': 929629.0, 'blks_hit': 41813.0, 'tup_returned': 113866630.0, 'tup_fetched': 200239.0, 'tup_inserted': 0.0, 'conflicts': 0.0, 'tup_updated': 0.0, 'tup_deleted': 0.0, 'disk_read_count': 951242.0, 'disk_write_count': 0.0, 'disk_read_bytes': 7792574464.0, 'disk_write_bytes': 0.0}","{
  ""size"": 10,
  ""read_ratio"": 0.9,
  ""group_by_ratio"": 0.9,
  ""order_by_ratio"": 0.9,
  ""avg_query_length"": 502.0,
  ""avg_joins"": 2.1,
  ""filter_ratio"": 0.8
}","[
    ""Sort(cost=493864.3)(Aggregate(cost=490146.2)(Gather(cost=482131.0)(Aggregate(cost=397493.4)(Hash Join(cost=378982.9)(Seq Scan(cost=313133.2); Hash(cost=45515.2)(Seq Scan(cost=45515.2)))))))"",
    ""Sort(cost=104997.7)(Aggregate(cost=101431.3)(Gather(cost=96735.4)(Aggregate(cost=55484.4)(Hash Join(cost=46846.0)(Seq Scan(cost=39047.3); Hash(cost=2290.7)(Seq Scan(cost=2290.7)))))))"",
    ""Sort(cost=2272521.0)(Aggregate(cost=2217635.8)(Gather Merge(cost=2121004.7)(Aggregate(cost=894518.6)(Sort(cost=860803.2)(Hash Join(cost=416220.2)(Seq Scan(cost=328235.0); Hash(cost=66083.3)(Seq Scan(cost=66083.3))))))))"",
    ""Sort(cost=35851.1)(Aggregate(cost=35797.7)(Gather Merge(cost=35725.1)(Aggregate(cost=34431.2)(Sort(cost=34405.7)(Nested Loop(cost=34336.9)(Bitmap Heap Scan(cost=18484.6)(Bitmap Index Scan(cost=100.9)); Index Scan(cost=7.0)))))))"",
    ""Gather(cost=15932.2)(Hash Join(cost=14498.3)(Nested Loop(cost=14493.4)(Merge Join(cost=7288.1)(Index Scan(cost=85896.2); Sort(cost=925.5)(Bitmap Heap Scan(cost=412.5)(Bitmap Index Scan(cost=142.3)))); Index Scan(cost=6.6)); Hash(cost=1.2)(Seq Scan(cost=1.2))))"",
    ""Sort(cost=134603.1)(Aggregate(cost=130885.1)(Gather(cost=126006.2)(Aggregate(cost=83187.4)(Hash Join(cost=79408.6)(Seq Scan(cost=27206.5); Hash(cost=45515.2)(Seq Scan(cost=45515.2)))))))"",
    ""Sort(cost=149815.5)(Aggregate(cost=146097.5)(Gather(cost=141218.6)(Aggregate(cost=98399.8)(Hash Join(cost=92870.8)(Seq Scan(cost=39047.3); Hash(cost=45515.2)(Seq Scan(cost=45515.2)))))))"",
    ""Sort(cost=25.8)(Aggregate(cost=25.8)(Sort(cost=25.8)(Nested Loop(cost=25.8)(Index Scan(cost=17.3); Index Scan(cost=8.4)))))""
  ]",8,0.589735871,0.530762284
job_0,"{'shared_buffers': 195664.0, 'work_mem': 190168.0, 'maintenance_work_mem': 784709.0, 'effective_cache_size': 1400008.0, 'max_connections': 53.0, 'wal_buffers': 3097.0, 'checkpoint_completion_target': 0.6555957403050742, 'checkpoint_timeout': 396.0, 'effective_io_concurrency': 183.0, 'join_collapse_limit': 14.0, 'from_collapse_limit': 20.0, 'bgwriter_delay': 37.0, 'bgwriter_lru_multiplier': 6.772843360129122, 'default_statistics_target': 334.0, 'max_parallel_workers_per_gather': 5.0}","{'xact_commit': 38.0, 'xact_rollback': 0.0, 'blks_read': 929629.0, 'blks_hit': 41813.0, 'tup_returned': 113866630.0, 'tup_fetched': 200239.0, 'tup_inserted': 0.0, 'conflicts': 0.0, 'tup_updated': 0.0, 'tup_deleted': 0.0, 'disk_read_count': 951242.0, 'disk_write_count': 0.0, 'disk_read_bytes': 7792574464.0, 'disk_write_bytes': 0.0}","{
  ""size"": 10,
  ""read_ratio"": 0.9,
  ""group_by_ratio"": 0.9,
  ""order_by_ratio"": 0.9,
  ""avg_query_length"": 502.0,
  ""avg_joins"": 2.1,
  ""filter_ratio"": 0.8
}","[
    ""Sort(cost=493864.3)(Aggregate(cost=490146.2)(Gather(cost=482131.0)(Aggregate(cost=397493.4)(Hash Join(cost=378982.9)(Seq Scan(cost=313133.2); Hash(cost=45515.2)(Seq Scan(cost=45515.2)))))))"",
    ""Sort(cost=104997.7)(Aggregate(cost=101431.3)(Gather(cost=96735.4)(Aggregate(cost=55484.4)(Hash Join(cost=46846.0)(Seq Scan(cost=39047.3); Hash(cost=2290.7)(Seq Scan(cost=2290.7)))))))"",
    ""Sort(cost=2272521.0)(Aggregate(cost=2217635.8)(Gather Merge(cost=2121004.7)(Aggregate(cost=894518.6)(Sort(cost=860803.2)(Hash Join(cost=416220.2)(Seq Scan(cost=328235.0); Hash(cost=66083.3)(Seq Scan(cost=66083.3))))))))"",
    ""Sort(cost=35851.1)(Aggregate(cost=35797.7)(Gather Merge(cost=35725.1)(Aggregate(cost=34431.2)(Sort(cost=34405.7)(Nested Loop(cost=34336.9)(Bitmap Heap Scan(cost=18484.6)(Bitmap Index Scan(cost=100.9)); Index Scan(cost=7.0)))))))"",
    ""Gather(cost=15932.2)(Hash Join(cost=14498.3)(Nested Loop(cost=14493.4)(Merge Join(cost=7288.1)(Index Scan(cost=85896.2); Sort(cost=925.5)(Bitmap Heap Scan(cost=412.5)(Bitmap Index Scan(cost=142.3)))); Index Scan(cost=6.6)); Hash(cost=1.2)(Seq Scan(cost=1.2))))"",
    ""Sort(cost=134603.1)(Aggregate(cost=130885.1)(Gather(cost=126006.2)(Aggregate(cost=83187.4)(Hash Join(cost=79408.6)(Seq Scan(cost=27206.5); Hash(cost=45515.2)(Seq Scan(cost=45515.2)))))))"",
    ""Sort(cost=149815.5)(Aggregate(cost=146097.5)(Gather(cost=141218.6)(Aggregate(cost=98399.8)(Hash Join(cost=92870.8)(Seq Scan(cost=39047.3); Hash(cost=45515.2)(Seq Scan(cost=45515.2)))))))"",
    ""Sort(cost=25.8)(Aggregate(cost=25.8)(Sort(cost=25.8)(Nested Loop(cost=25.8)(Index Scan(cost=17.3); Index Scan(cost=8.4)))))""
  ]",8,0.369549746,0.332594771
job_0,"{'shared_buffers': 174162.0, 'work_mem': 73670.0, 'maintenance_work_mem': 1426508.0, 'effective_cache_size': 929564.0, 'max_connections': 474.0, 'wal_buffers': 6220.0, 'checkpoint_completion_target': 0.6211158340912978, 'checkpoint_timeout': 730.0, 'effective_io_concurrency': 145.0, 'join_collapse_limit': 13.0, 'from_collapse_limit': 15.0, 'bgwriter_delay': 284.0, 'bgwriter_lru_multiplier': 1.7152140624110523, 'default_statistics_target': 207.0, 'max_parallel_workers_per_gather': 3.0}","{'xact_commit': 38.0, 'xact_rollback': 0.0, 'blks_read': 929629.0, 'blks_hit': 41813.0, 'tup_returned': 113866630.0, 'tup_fetched': 200239.0, 'tup_inserted': 0.0, 'conflicts': 0.0, 'tup_updated': 0.0, 'tup_deleted': 0.0, 'disk_read_count': 951242.0, 'disk_write_count': 0.0, 'disk_read_bytes': 7792574464.0, 'disk_write_bytes': 0.0}","{
  ""size"": 10,
  ""read_ratio"": 0.9,
  ""group_by_ratio"": 0.9,
  ""order_by_ratio"": 0.9,
  ""avg_query_length"": 502.0,
  ""avg_joins"": 2.1,
  ""filter_ratio"": 0.8
}","[
    ""Sort(cost=493864.3)(Aggregate(cost=490146.2)(Gather(cost=482131.0)(Aggregate(cost=397493.4)(Hash Join(cost=378982.9)(Seq Scan(cost=313133.2); Hash(cost=45515.2)(Seq Scan(cost=45515.2)))))))"",
    ""Sort(cost=104997.7)(Aggregate(cost=101431.3)(Gather(cost=96735.4)(Aggregate(cost=55484.4)(Hash Join(cost=46846.0)(Seq Scan(cost=39047.3); Hash(cost=2290.7)(Seq Scan(cost=2290.7)))))))"",
    ""Sort(cost=2272521.0)(Aggregate(cost=2217635.8)(Gather Merge(cost=2121004.7)(Aggregate(cost=894518.6)(Sort(cost=860803.2)(Hash Join(cost=416220.2)(Seq Scan(cost=328235.0); Hash(cost=66083.3)(Seq Scan(cost=66083.3))))))))"",
    ""Sort(cost=35851.1)(Aggregate(cost=35797.7)(Gather Merge(cost=35725.1)(Aggregate(cost=34431.2)(Sort(cost=34405.7)(Nested Loop(cost=34336.9)(Bitmap Heap Scan(cost=18484.6)(Bitmap Index Scan(cost=100.9)); Index Scan(cost=7.0)))))))"",
    ""Gather(cost=15932.2)(Hash Join(cost=14498.3)(Nested Loop(cost=14493.4)(Merge Join(cost=7288.1)(Index Scan(cost=85896.2); Sort(cost=925.5)(Bitmap Heap Scan(cost=412.5)(Bitmap Index Scan(cost=142.3)))); Index Scan(cost=6.6)); Hash(cost=1.2)(Seq Scan(cost=1.2))))"",
    ""Sort(cost=134603.1)(Aggregate(cost=130885.1)(Gather(cost=126006.2)(Aggregate(cost=83187.4)(Hash Join(cost=79408.6)(Seq Scan(cost=27206.5); Hash(cost=45515.2)(Seq Scan(cost=45515.2)))))))"",
    ""Sort(cost=149815.5)(Aggregate(cost=146097.5)(Gather(cost=141218.6)(Aggregate(cost=98399.8)(Hash Join(cost=92870.8)(Seq Scan(cost=39047.3); Hash(cost=45515.2)(Seq Scan(cost=45515.2)))))))"",
    ""Sort(cost=25.8)(Aggregate(cost=25.8)(Sort(cost=25.8)(Nested Loop(cost=25.8)(Index Scan(cost=17.3); Index Scan(cost=8.4)))))""
  ]",8,0.567807828,0.511027045
job_0,"{'shared_buffers': 168440.0, 'work_mem': 71995.0, 'maintenance_work_mem': 1429480.0, 'effective_cache_size': 1020885.0, 'max_connections': 472.0, 'wal_buffers': 6228.0, 'checkpoint_completion_target': 0.6378583082819622, 'checkpoint_timeout': 731.0, 'effective_io_concurrency': 115.0, 'join_collapse_limit': 13.0, 'from_collapse_limit': 14.0, 'bgwriter_delay': 572.0, 'bgwriter_lru_multiplier': 1.9517606295112624, 'default_statistics_target': 209.0, 'max_parallel_workers_per_gather': 3.0}","{'xact_commit': 38.0, 'xact_rollback': 0.0, 'blks_read': 929629.0, 'blks_hit': 41813.0, 'tup_returned': 113866630.0, 'tup_fetched': 200239.0, 'tup_inserted': 0.0, 'conflicts': 0.0, 'tup_updated': 0.0, 'tup_deleted': 0.0, 'disk_read_count': 951242.0, 'disk_write_count': 0.0, 'disk_read_bytes': 7792574464.0, 'disk_write_bytes': 0.0}","{
  ""size"": 10,
  ""read_ratio"": 0.9,
  ""group_by_ratio"": 0.9,
  ""order_by_ratio"": 0.9,
  ""avg_query_length"": 502.0,
  ""avg_joins"": 2.1,
  ""filter_ratio"": 0.8
}","[
    ""Sort(cost=493864.3)(Aggregate(cost=490146.2)(Gather(cost=482131.0)(Aggregate(cost=397493.4)(Hash Join(cost=378982.9)(Seq Scan(cost=313133.2); Hash(cost=45515.2)(Seq Scan(cost=45515.2)))))))"",
    ""Sort(cost=104997.7)(Aggregate(cost=101431.3)(Gather(cost=96735.4)(Aggregate(cost=55484.4)(Hash Join(cost=46846.0)(Seq Scan(cost=39047.3); Hash(cost=2290.7)(Seq Scan(cost=2290.7)))))))"",
    ""Sort(cost=2272521.0)(Aggregate(cost=2217635.8)(Gather Merge(cost=2121004.7)(Aggregate(cost=894518.6)(Sort(cost=860803.2)(Hash Join(cost=416220.2)(Seq Scan(cost=328235.0); Hash(cost=66083.3)(Seq Scan(cost=66083.3))))))))"",
    ""Sort(cost=35851.1)(Aggregate(cost=35797.7)(Gather Merge(cost=35725.1)(Aggregate(cost=34431.2)(Sort(cost=34405.7)(Nested Loop(cost=34336.9)(Bitmap Heap Scan(cost=18484.6)(Bitmap Index Scan(cost=100.9)); Index Scan(cost=7.0)))))))"",
    ""Gather(cost=15932.2)(Hash Join(cost=14498.3)(Nested Loop(cost=14493.4)(Merge Join(cost=7288.1)(Index Scan(cost=85896.2); Sort(cost=925.5)(Bitmap Heap Scan(cost=412.5)(Bitmap Index Scan(cost=142.3)))); Index Scan(cost=6.6)); Hash(cost=1.2)(Seq Scan(cost=1.2))))"",
    ""Sort(cost=134603.1)(Aggregate(cost=130885.1)(Gather(cost=126006.2)(Aggregate(cost=83187.4)(Hash Join(cost=79408.6)(Seq Scan(cost=27206.5); Hash(cost=45515.2)(Seq Scan(cost=45515.2)))))))"",
    ""Sort(cost=149815.5)(Aggregate(cost=146097.5)(Gather(cost=141218.6)(Aggregate(cost=98399.8)(Hash Join(cost=92870.8)(Seq Scan(cost=39047.3); Hash(cost=45515.2)(Seq Scan(cost=45515.2)))))))"",
    ""Sort(cost=25.8)(Aggregate(cost=25.8)(Sort(cost=25.8)(Nested Loop(cost=25.8)(Index Scan(cost=17.3); Index Scan(cost=8.4)))))""
  ]",8,0.572147321,0.514932589
job_0,"{'shared_buffers': 175978.0, 'work_mem': 91675.0, 'maintenance_work_mem': 1534526.0, 'effective_cache_size': 787701.0, 'max_connections': 475.0, 'wal_buffers': 6975.0, 'checkpoint_completion_target': 0.6317732419270045, 'checkpoint_timeout': 741.0, 'effective_io_concurrency': 143.0, 'join_collapse_limit': 13.0, 'from_collapse_limit': 14.0, 'bgwriter_delay': 333.0, 'bgwriter_lru_multiplier': 2.674852357631231, 'default_statistics_target': 321.0, 'max_parallel_workers_per_gather': 3.0}","{'xact_commit': 38.0, 'xact_rollback': 0.0, 'blks_read': 929629.0, 'blks_hit': 41813.0, 'tup_returned': 113866630.0, 'tup_fetched': 200239.0, 'tup_inserted': 0.0, 'conflicts': 0.0, 'tup_updated': 0.0, 'tup_deleted': 0.0, 'disk_read_count': 951242.0, 'disk_write_count': 0.0, 'disk_read_bytes': 7792574464.0, 'disk_write_bytes': 0.0}","{
  ""size"": 10,
  ""read_ratio"": 0.9,
  ""group_by_ratio"": 0.9,
  ""order_by_ratio"": 0.9,
  ""avg_query_length"": 502.0,
  ""avg_joins"": 2.1,
  ""filter_ratio"": 0.8
}","[
    ""Sort(cost=493864.3)(Aggregate(cost=490146.2)(Gather(cost=482131.0)(Aggregate(cost=397493.4)(Hash Join(cost=378982.9)(Seq Scan(cost=313133.2); Hash(cost=45515.2)(Seq Scan(cost=45515.2)))))))"",
    ""Sort(cost=104997.7)(Aggregate(cost=101431.3)(Gather(cost=96735.4)(Aggregate(cost=55484.4)(Hash Join(cost=46846.0)(Seq Scan(cost=39047.3); Hash(cost=2290.7)(Seq Scan(cost=2290.7)))))))"",
    ""Sort(cost=2272521.0)(Aggregate(cost=2217635.8)(Gather Merge(cost=2121004.7)(Aggregate(cost=894518.6)(Sort(cost=860803.2)(Hash Join(cost=416220.2)(Seq Scan(cost=328235.0); Hash(cost=66083.3)(Seq Scan(cost=66083.3))))))))"",
    ""Sort(cost=35851.1)(Aggregate(cost=35797.7)(Gather Merge(cost=35725.1)(Aggregate(cost=34431.2)(Sort(cost=34405.7)(Nested Loop(cost=34336.9)(Bitmap Heap Scan(cost=18484.6)(Bitmap Index Scan(cost=100.9)); Index Scan(cost=7.0)))))))"",
    ""Gather(cost=15932.2)(Hash Join(cost=14498.3)(Nested Loop(cost=14493.4)(Merge Join(cost=7288.1)(Index Scan(cost=85896.2); Sort(cost=925.5)(Bitmap Heap Scan(cost=412.5)(Bitmap Index Scan(cost=142.3)))); Index Scan(cost=6.6)); Hash(cost=1.2)(Seq Scan(cost=1.2))))"",
    ""Sort(cost=134603.1)(Aggregate(cost=130885.1)(Gather(cost=126006.2)(Aggregate(cost=83187.4)(Hash Join(cost=79408.6)(Seq Scan(cost=27206.5); Hash(cost=45515.2)(Seq Scan(cost=45515.2)))))))"",
    ""Sort(cost=149815.5)(Aggregate(cost=146097.5)(Gather(cost=141218.6)(Aggregate(cost=98399.8)(Hash Join(cost=92870.8)(Seq Scan(cost=39047.3); Hash(cost=45515.2)(Seq Scan(cost=45515.2)))))))"",
    ""Sort(cost=25.8)(Aggregate(cost=25.8)(Sort(cost=25.8)(Nested Loop(cost=25.8)(Index Scan(cost=17.3); Index Scan(cost=8.4)))))""
  ]",8,0.596542768,0.536888491
job_0,"{'shared_buffers': 269843.0, 'work_mem': 189468.0, 'maintenance_work_mem': 683903.0, 'effective_cache_size': 2207861.0, 'max_connections': 365.0, 'wal_buffers': 5894.0, 'checkpoint_completion_target': 0.8548201199315711, 'checkpoint_timeout': 462.0, 'effective_io_concurrency': 15.0, 'join_collapse_limit': 9.0, 'from_collapse_limit': 10.0, 'bgwriter_delay': 481.0, 'bgwriter_lru_multiplier': 1.570732244650992, 'default_statistics_target': 453.0, 'max_parallel_workers_per_gather': 7.0}","{'xact_commit': 38.0, 'xact_rollback': 0.0, 'blks_read': 929629.0, 'blks_hit': 41813.0, 'tup_returned': 113866630.0, 'tup_fetched': 200239.0, 'tup_inserted': 0.0, 'conflicts': 0.0, 'tup_updated': 0.0, 'tup_deleted': 0.0, 'disk_read_count': 951242.0, 'disk_write_count': 0.0, 'disk_read_bytes': 7792574464.0, 'disk_write_bytes': 0.0}","{
  ""size"": 10,
  ""read_ratio"": 0.9,
  ""group_by_ratio"": 0.9,
  ""order_by_ratio"": 0.9,
  ""avg_query_length"": 502.0,
  ""avg_joins"": 2.1,
  ""filter_ratio"": 0.8
}","[
    ""Sort(cost=493864.3)(Aggregate(cost=490146.2)(Gather(cost=482131.0)(Aggregate(cost=397493.4)(Hash Join(cost=378982.9)(Seq Scan(cost=313133.2); Hash(cost=45515.2)(Seq Scan(cost=45515.2)))))))"",
    ""Sort(cost=104997.7)(Aggregate(cost=101431.3)(Gather(cost=96735.4)(Aggregate(cost=55484.4)(Hash Join(cost=46846.0)(Seq Scan(cost=39047.3); Hash(cost=2290.7)(Seq Scan(cost=2290.7)))))))"",
    ""Sort(cost=2272521.0)(Aggregate(cost=2217635.8)(Gather Merge(cost=2121004.7)(Aggregate(cost=894518.6)(Sort(cost=860803.2)(Hash Join(cost=416220.2)(Seq Scan(cost=328235.0); Hash(cost=66083.3)(Seq Scan(cost=66083.3))))))))"",
    ""Sort(cost=35851.1)(Aggregate(cost=35797.7)(Gather Merge(cost=35725.1)(Aggregate(cost=34431.2)(Sort(cost=34405.7)(Nested Loop(cost=34336.9)(Bitmap Heap Scan(cost=18484.6)(Bitmap Index Scan(cost=100.9)); Index Scan(cost=7.0)))))))"",
    ""Gather(cost=15932.2)(Hash Join(cost=14498.3)(Nested Loop(cost=14493.4)(Merge Join(cost=7288.1)(Index Scan(cost=85896.2); Sort(cost=925.5)(Bitmap Heap Scan(cost=412.5)(Bitmap Index Scan(cost=142.3)))); Index Scan(cost=6.6)); Hash(cost=1.2)(Seq Scan(cost=1.2))))"",
    ""Sort(cost=134603.1)(Aggregate(cost=130885.1)(Gather(cost=126006.2)(Aggregate(cost=83187.4)(Hash Join(cost=79408.6)(Seq Scan(cost=27206.5); Hash(cost=45515.2)(Seq Scan(cost=45515.2)))))))"",
    ""Sort(cost=149815.5)(Aggregate(cost=146097.5)(Gather(cost=141218.6)(Aggregate(cost=98399.8)(Hash Join(cost=92870.8)(Seq Scan(cost=39047.3); Hash(cost=45515.2)(Seq Scan(cost=45515.2)))))))"",
    ""Sort(cost=25.8)(Aggregate(cost=25.8)(Sort(cost=25.8)(Nested Loop(cost=25.8)(Index Scan(cost=17.3); Index Scan(cost=8.4)))))""
  ]",8,0.35796899,0.322172091
job_0,"{'shared_buffers': 195879.0, 'work_mem': 89916.0, 'maintenance_work_mem': 1439061.0, 'effective_cache_size': 777436.0, 'max_connections': 493.0, 'wal_buffers': 6306.0, 'checkpoint_completion_target': 0.6121176948300638, 'checkpoint_timeout': 760.0, 'effective_io_concurrency': 144.0, 'join_collapse_limit': 13.0, 'from_collapse_limit': 14.0, 'bgwriter_delay': 254.0, 'bgwriter_lru_multiplier': 1.5127978807339624, 'default_statistics_target': 366.0, 'max_parallel_workers_per_gather': 3.0}","{'xact_commit': 38.0, 'xact_rollback': 0.0, 'blks_read': 929629.0, 'blks_hit': 41813.0, 'tup_returned': 113866630.0, 'tup_fetched': 200239.0, 'tup_inserted': 0.0, 'conflicts': 0.0, 'tup_updated': 0.0, 'tup_deleted': 0.0, 'disk_read_count': 951242.0, 'disk_write_count': 0.0, 'disk_read_bytes': 7792574464.0, 'disk_write_bytes': 0.0}","{
  ""size"": 10,
  ""read_ratio"": 0.9,
  ""group_by_ratio"": 0.9,
  ""order_by_ratio"": 0.9,
  ""avg_query_length"": 502.0,
  ""avg_joins"": 2.1,
  ""filter_ratio"": 0.8
}","[
    ""Sort(cost=493864.3)(Aggregate(cost=490146.2)(Gather(cost=482131.0)(Aggregate(cost=397493.4)(Hash Join(cost=378982.9)(Seq Scan(cost=313133.2); Hash(cost=45515.2)(Seq Scan(cost=45515.2)))))))"",
    ""Sort(cost=104997.7)(Aggregate(cost=101431.3)(Gather(cost=96735.4)(Aggregate(cost=55484.4)(Hash Join(cost=46846.0)(Seq Scan(cost=39047.3); Hash(cost=2290.7)(Seq Scan(cost=2290.7)))))))"",
    ""Sort(cost=2272521.0)(Aggregate(cost=2217635.8)(Gather Merge(cost=2121004.7)(Aggregate(cost=894518.6)(Sort(cost=860803.2)(Hash Join(cost=416220.2)(Seq Scan(cost=328235.0); Hash(cost=66083.3)(Seq Scan(cost=66083.3))))))))"",
    ""Sort(cost=134603.1)(Aggregate(cost=130885.1)(Gather(cost=126006.2)(Aggregate(cost=83187.4)(Hash Join(cost=79408.6)(Seq Scan(cost=27206.5); Hash(cost=45515.2)(Seq Scan(cost=45515.2)))))))"",
    ""Sort(cost=149815.5)(Aggregate(cost=146097.5)(Gather(cost=141218.6)(Aggregate(cost=98399.8)(Hash Join(cost=92870.8)(Seq Scan(cost=39047.3); Hash(cost=45515.2)(Seq Scan(cost=45515.2)))))))"",
    ""Sort(cost=25.8)(Aggregate(cost=25.8)(Sort(cost=25.8)(Nested Loop(cost=25.8)(Index Scan(cost=17.3); Index Scan(cost=8.4)))))""
  ]",6,0.585625841,0.527063256
job_0,"{'shared_buffers': 1380241.0, 'work_mem': 250100.0, 'maintenance_work_mem': 1889455.0, 'effective_cache_size': 2054047.0, 'max_connections': 150.0, 'wal_buffers': 7669.0, 'checkpoint_completion_target': 0.8058167059814889, 'checkpoint_timeout': 1050.0, 'effective_io_concurrency': 86.0, 'join_collapse_limit': 16.0, 'from_collapse_limit': 18.0, 'bgwriter_delay': 369.0, 'bgwriter_lru_multiplier': 9.269773270775708, 'default_statistics_target': 317.0, 'max_parallel_workers_per_gather': 8.0}","{'xact_commit': 38.0, 'xact_rollback': 0.0, 'blks_read': 929629.0, 'blks_hit': 41813.0, 'tup_returned': 113866630.0, 'tup_fetched': 200239.0, 'tup_inserted': 0.0, 'conflicts': 0.0, 'tup_updated': 0.0, 'tup_deleted': 0.0, 'disk_read_count': 951242.0, 'disk_write_count': 0.0, 'disk_read_bytes': 7792574464.0, 'disk_write_bytes': 0.0}","{
  ""size"": 10,
  ""read_ratio"": 0.9,
  ""group_by_ratio"": 0.9,
  ""order_by_ratio"": 0.9,
  ""avg_query_length"": 502.0,
  ""avg_joins"": 2.1,
  ""filter_ratio"": 0.8
}","[
    ""Sort(cost=493864.3)(Aggregate(cost=490146.2)(Gather(cost=482131.0)(Aggregate(cost=397493.4)(Hash Join(cost=378982.9)(Seq Scan(cost=313133.2); Hash(cost=45515.2)(Seq Scan(cost=45515.2)))))))"",
    ""Sort(cost=104997.7)(Aggregate(cost=101431.3)(Gather(cost=96735.4)(Aggregate(cost=55484.4)(Hash Join(cost=46846.0)(Seq Scan(cost=39047.3); Hash(cost=2290.7)(Seq Scan(cost=2290.7)))))))"",
    ""Sort(cost=2272521.0)(Aggregate(cost=2217635.8)(Gather Merge(cost=2121004.7)(Aggregate(cost=894518.6)(Sort(cost=860803.2)(Hash Join(cost=416220.2)(Seq Scan(cost=328235.0); Hash(cost=66083.3)(Seq Scan(cost=66083.3))))))))"",
    ""Sort(cost=35851.1)(Aggregate(cost=35797.7)(Gather Merge(cost=35725.1)(Aggregate(cost=34431.2)(Sort(cost=34405.7)(Nested Loop(cost=34336.9)(Bitmap Heap Scan(cost=18484.6)(Bitmap Index Scan(cost=100.9)); Index Scan(cost=7.0)))))))"",
    ""Gather(cost=15932.2)(Hash Join(cost=14498.3)(Nested Loop(cost=14493.4)(Merge Join(cost=7288.1)(Index Scan(cost=85896.2); Sort(cost=925.5)(Bitmap Heap Scan(cost=412.5)(Bitmap Index Scan(cost=142.3)))); Index Scan(cost=6.6)); Hash(cost=1.2)(Seq Scan(cost=1.2))))"",
    ""Sort(cost=134603.1)(Aggregate(cost=130885.1)(Gather(cost=126006.2)(Aggregate(cost=83187.4)(Hash Join(cost=79408.6)(Seq Scan(cost=27206.5); Hash(cost=45515.2)(Seq Scan(cost=45515.2)))))))"",
    ""Sort(cost=149815.5)(Aggregate(cost=146097.5)(Gather(cost=141218.6)(Aggregate(cost=98399.8)(Hash Join(cost=92870.8)(Seq Scan(cost=39047.3); Hash(cost=45515.2)(Seq Scan(cost=45515.2)))))))"",
    ""Sort(cost=25.8)(Aggregate(cost=25.8)(Sort(cost=25.8)(Nested Loop(cost=25.8)(Index Scan(cost=17.3); Index Scan(cost=8.4)))))""
  ]",8,0.378683994,0.340815594
job_0,"{'shared_buffers': 128892.0, 'work_mem': 90479.0, 'maintenance_work_mem': 1400649.0, 'effective_cache_size': 777184.0, 'max_connections': 485.0, 'wal_buffers': 6525.0, 'checkpoint_completion_target': 0.6389486774876645, 'checkpoint_timeout': 730.0, 'effective_io_concurrency': 136.0, 'join_collapse_limit': 13.0, 'from_collapse_limit': 15.0, 'bgwriter_delay': 286.0, 'bgwriter_lru_multiplier': 1.9991281135558312, 'default_statistics_target': 299.0, 'max_parallel_workers_per_gather': 3.0}","{'xact_commit': 38.0, 'xact_rollback': 0.0, 'blks_read': 929629.0, 'blks_hit': 41813.0, 'tup_returned': 113866630.0, 'tup_fetched': 200239.0, 'tup_inserted': 0.0, 'conflicts': 0.0, 'tup_updated': 0.0, 'tup_deleted': 0.0, 'disk_read_count': 951242.0, 'disk_write_count': 0.0, 'disk_read_bytes': 7792574464.0, 'disk_write_bytes': 0.0}","{
  ""size"": 10,
  ""read_ratio"": 0.9,
  ""group_by_ratio"": 0.9,
  ""order_by_ratio"": 0.9,
  ""avg_query_length"": 502.0,
  ""avg_joins"": 2.1,
  ""filter_ratio"": 0.8
}","[
    ""Sort(cost=493864.3)(Aggregate(cost=490146.2)(Gather(cost=482131.0)(Aggregate(cost=397493.4)(Hash Join(cost=378982.9)(Seq Scan(cost=313133.2); Hash(cost=45515.2)(Seq Scan(cost=45515.2)))))))"",
    ""Sort(cost=104997.7)(Aggregate(cost=101431.3)(Gather(cost=96735.4)(Aggregate(cost=55484.4)(Hash Join(cost=46846.0)(Seq Scan(cost=39047.3); Hash(cost=2290.7)(Seq Scan(cost=2290.7)))))))"",
    ""Sort(cost=2272521.0)(Aggregate(cost=2217635.8)(Gather Merge(cost=2121004.7)(Aggregate(cost=894518.6)(Sort(cost=860803.2)(Hash Join(cost=416220.2)(Seq Scan(cost=328235.0); Hash(cost=66083.3)(Seq Scan(cost=66083.3))))))))"",
    ""Sort(cost=35851.1)(Aggregate(cost=35797.7)(Gather Merge(cost=35725.1)(Aggregate(cost=34431.2)(Sort(cost=34405.7)(Nested Loop(cost=34336.9)(Bitmap Heap Scan(cost=18484.6)(Bitmap Index Scan(cost=100.9)); Index Scan(cost=7.0)))))))"",
    ""Gather(cost=15932.2)(Hash Join(cost=14498.3)(Nested Loop(cost=14493.4)(Merge Join(cost=7288.1)(Index Scan(cost=85896.2); Sort(cost=925.5)(Bitmap Heap Scan(cost=412.5)(Bitmap Index Scan(cost=142.3)))); Index Scan(cost=6.6)); Hash(cost=1.2)(Seq Scan(cost=1.2))))"",
    ""Sort(cost=134603.1)(Aggregate(cost=130885.1)(Gather(cost=126006.2)(Aggregate(cost=83187.4)(Hash Join(cost=79408.6)(Seq Scan(cost=27206.5); Hash(cost=45515.2)(Seq Scan(cost=45515.2)))))))"",
    ""Sort(cost=149815.5)(Aggregate(cost=146097.5)(Gather(cost=141218.6)(Aggregate(cost=98399.8)(Hash Join(cost=92870.8)(Seq Scan(cost=39047.3); Hash(cost=45515.2)(Seq Scan(cost=45515.2)))))))"",
    ""Sort(cost=25.8)(Aggregate(cost=25.8)(Sort(cost=25.8)(Nested Loop(cost=25.8)(Index Scan(cost=17.3); Index Scan(cost=8.4)))))""
  ]",8,0.57367816,0.516310344
job_0,"{'shared_buffers': 152159.0, 'work_mem': 90508.0, 'maintenance_work_mem': 1486603.0, 'effective_cache_size': 1040138.0, 'max_connections': 491.0, 'wal_buffers': 6836.0, 'checkpoint_completion_target': 0.6307640891963644, 'checkpoint_timeout': 741.0, 'effective_io_concurrency': 143.0, 'join_collapse_limit': 13.0, 'from_collapse_limit': 14.0, 'bgwriter_delay': 295.0, 'bgwriter_lru_multiplier': 2.5293472808788686, 'default_statistics_target': 294.0, 'max_parallel_workers_per_gather': 3.0}","{'xact_commit': 38.0, 'xact_rollback': 0.0, 'blks_read': 929629.0, 'blks_hit': 41813.0, 'tup_returned': 113866630.0, 'tup_fetched': 200239.0, 'tup_inserted': 0.0, 'conflicts': 0.0, 'tup_updated': 0.0, 'tup_deleted': 0.0, 'disk_read_count': 951242.0, 'disk_write_count': 0.0, 'disk_read_bytes': 7792574464.0, 'disk_write_bytes': 0.0}","{
  ""size"": 10,
  ""read_ratio"": 0.9,
  ""group_by_ratio"": 0.9,
  ""order_by_ratio"": 0.9,
  ""avg_query_length"": 502.0,
  ""avg_joins"": 2.1,
  ""filter_ratio"": 0.8
}","[
    ""Sort(cost=493864.3)(Aggregate(cost=490146.2)(Gather(cost=482131.0)(Aggregate(cost=397493.4)(Hash Join(cost=378982.9)(Seq Scan(cost=313133.2); Hash(cost=45515.2)(Seq Scan(cost=45515.2)))))))"",
    ""Sort(cost=104997.7)(Aggregate(cost=101431.3)(Gather(cost=96735.4)(Aggregate(cost=55484.4)(Hash Join(cost=46846.0)(Seq Scan(cost=39047.3); Hash(cost=2290.7)(Seq Scan(cost=2290.7)))))))"",
    ""Sort(cost=2272521.0)(Aggregate(cost=2217635.8)(Gather Merge(cost=2121004.7)(Aggregate(cost=894518.6)(Sort(cost=860803.2)(Hash Join(cost=416220.2)(Seq Scan(cost=328235.0); Hash(cost=66083.3)(Seq Scan(cost=66083.3))))))))"",
    ""Sort(cost=35851.1)(Aggregate(cost=35797.7)(Gather Merge(cost=35725.1)(Aggregate(cost=34431.2)(Sort(cost=34405.7)(Nested Loop(cost=34336.9)(Bitmap Heap Scan(cost=18484.6)(Bitmap Index Scan(cost=100.9)); Index Scan(cost=7.0)))))))"",
    ""Gather(cost=15932.2)(Hash Join(cost=14498.3)(Nested Loop(cost=14493.4)(Merge Join(cost=7288.1)(Index Scan(cost=85896.2); Sort(cost=925.5)(Bitmap Heap Scan(cost=412.5)(Bitmap Index Scan(cost=142.3)))); Index Scan(cost=6.6)); Hash(cost=1.2)(Seq Scan(cost=1.2))))"",
    ""Sort(cost=134603.1)(Aggregate(cost=130885.1)(Gather(cost=126006.2)(Aggregate(cost=83187.4)(Hash Join(cost=79408.6)(Seq Scan(cost=27206.5); Hash(cost=45515.2)(Seq Scan(cost=45515.2)))))))"",
    ""Sort(cost=149815.5)(Aggregate(cost=146097.5)(Gather(cost=141218.6)(Aggregate(cost=98399.8)(Hash Join(cost=92870.8)(Seq Scan(cost=39047.3); Hash(cost=45515.2)(Seq Scan(cost=45515.2)))))))"",
    ""Sort(cost=25.8)(Aggregate(cost=25.8)(Sort(cost=25.8)(Nested Loop(cost=25.8)(Index Scan(cost=17.3); Index Scan(cost=8.4)))))""
  ]",8,0.419819325,0.377837393
job_0,"{'shared_buffers': 182252.0, 'work_mem': 82909.0, 'maintenance_work_mem': 1493766.0, 'effective_cache_size': 838725.0, 'max_connections': 434.0, 'wal_buffers': 6494.0, 'checkpoint_completion_target': 0.645811164252492, 'checkpoint_timeout': 731.0, 'effective_io_concurrency': 145.0, 'join_collapse_limit': 13.0, 'from_collapse_limit': 14.0, 'bgwriter_delay': 291.0, 'bgwriter_lru_multiplier': 1.5092954234519276, 'default_statistics_target': 276.0, 'max_parallel_workers_per_gather': 3.0}","{'xact_commit': 38.0, 'xact_rollback': 0.0, 'blks_read': 929629.0, 'blks_hit': 41813.0, 'tup_returned': 113866630.0, 'tup_fetched': 200239.0, 'tup_inserted': 0.0, 'conflicts': 0.0, 'tup_updated': 0.0, 'tup_deleted': 0.0, 'disk_read_count': 951242.0, 'disk_write_count': 0.0, 'disk_read_bytes': 7792574464.0, 'disk_write_bytes': 0.0}","{
  ""size"": 10,
  ""read_ratio"": 0.9,
  ""group_by_ratio"": 0.9,
  ""order_by_ratio"": 0.9,
  ""avg_query_length"": 502.0,
  ""avg_joins"": 2.1,
  ""filter_ratio"": 0.8
}","[
    ""Sort(cost=493864.3)(Aggregate(cost=490146.2)(Gather(cost=482131.0)(Aggregate(cost=397493.4)(Hash Join(cost=378982.9)(Seq Scan(cost=313133.2); Hash(cost=45515.2)(Seq Scan(cost=45515.2)))))))"",
    ""Sort(cost=104997.7)(Aggregate(cost=101431.3)(Gather(cost=96735.4)(Aggregate(cost=55484.4)(Hash Join(cost=46846.0)(Seq Scan(cost=39047.3); Hash(cost=2290.7)(Seq Scan(cost=2290.7)))))))"",
    ""Sort(cost=2272521.0)(Aggregate(cost=2217635.8)(Gather Merge(cost=2121004.7)(Aggregate(cost=894518.6)(Sort(cost=860803.2)(Hash Join(cost=416220.2)(Seq Scan(cost=328235.0); Hash(cost=66083.3)(Seq Scan(cost=66083.3))))))))"",
    ""Sort(cost=35851.1)(Aggregate(cost=35797.7)(Gather Merge(cost=35725.1)(Aggregate(cost=34431.2)(Sort(cost=34405.7)(Nested Loop(cost=34336.9)(Bitmap Heap Scan(cost=18484.6)(Bitmap Index Scan(cost=100.9)); Index Scan(cost=7.0)))))))"",
    ""Gather(cost=15932.2)(Hash Join(cost=14498.3)(Nested Loop(cost=14493.4)(Merge Join(cost=7288.1)(Index Scan(cost=85896.2); Sort(cost=925.5)(Bitmap Heap Scan(cost=412.5)(Bitmap Index Scan(cost=142.3)))); Index Scan(cost=6.6)); Hash(cost=1.2)(Seq Scan(cost=1.2))))"",
    ""Sort(cost=134603.1)(Aggregate(cost=130885.1)(Gather(cost=126006.2)(Aggregate(cost=83187.4)(Hash Join(cost=79408.6)(Seq Scan(cost=27206.5); Hash(cost=45515.2)(Seq Scan(cost=45515.2)))))))"",
    ""Sort(cost=149815.5)(Aggregate(cost=146097.5)(Gather(cost=141218.6)(Aggregate(cost=98399.8)(Hash Join(cost=92870.8)(Seq Scan(cost=39047.3); Hash(cost=45515.2)(Seq Scan(cost=45515.2)))))))"",
    ""Sort(cost=25.8)(Aggregate(cost=25.8)(Sort(cost=25.8)(Nested Loop(cost=25.8)(Index Scan(cost=17.3); Index Scan(cost=8.4)))))""
  ]",8,0.37690135,0.339211215
job_0,"{'shared_buffers': 224648.0, 'work_mem': 90631.0, 'maintenance_work_mem': 1434285.0, 'effective_cache_size': 748307.0, 'max_connections': 481.0, 'wal_buffers': 6601.0, 'checkpoint_completion_target': 0.6401435863188263, 'checkpoint_timeout': 741.0, 'effective_io_concurrency': 100.0, 'join_collapse_limit': 13.0, 'from_collapse_limit': 14.0, 'bgwriter_delay': 285.0, 'bgwriter_lru_multiplier': 2.050879909030341, 'default_statistics_target': 411.0, 'max_parallel_workers_per_gather': 3.0}","{'xact_commit': 38.0, 'xact_rollback': 0.0, 'blks_read': 929629.0, 'blks_hit': 41813.0, 'tup_returned': 113866630.0, 'tup_fetched': 200239.0, 'tup_inserted': 0.0, 'conflicts': 0.0, 'tup_updated': 0.0, 'tup_deleted': 0.0, 'disk_read_count': 951242.0, 'disk_write_count': 0.0, 'disk_read_bytes': 7792574464.0, 'disk_write_bytes': 0.0}","{
  ""size"": 10,
  ""read_ratio"": 0.9,
  ""group_by_ratio"": 0.9,
  ""order_by_ratio"": 0.9,
  ""avg_query_length"": 502.0,
  ""avg_joins"": 2.1,
  ""filter_ratio"": 0.8
}","[
    ""Sort(cost=493864.3)(Aggregate(cost=490146.2)(Gather(cost=482131.0)(Aggregate(cost=397493.4)(Hash Join(cost=378982.9)(Seq Scan(cost=313133.2); Hash(cost=45515.2)(Seq Scan(cost=45515.2)))))))"",
    ""Sort(cost=104997.7)(Aggregate(cost=101431.3)(Gather(cost=96735.4)(Aggregate(cost=55484.4)(Hash Join(cost=46846.0)(Seq Scan(cost=39047.3); Hash(cost=2290.7)(Seq Scan(cost=2290.7)))))))"",
    ""Sort(cost=2272521.0)(Aggregate(cost=2217635.8)(Gather Merge(cost=2121004.7)(Aggregate(cost=894518.6)(Sort(cost=860803.2)(Hash Join(cost=416220.2)(Seq Scan(cost=328235.0); Hash(cost=66083.3)(Seq Scan(cost=66083.3))))))))"",
    ""Sort(cost=35851.1)(Aggregate(cost=35797.7)(Gather Merge(cost=35725.1)(Aggregate(cost=34431.2)(Sort(cost=34405.7)(Nested Loop(cost=34336.9)(Bitmap Heap Scan(cost=18484.6)(Bitmap Index Scan(cost=100.9)); Index Scan(cost=7.0)))))))"",
    ""Gather(cost=15932.2)(Hash Join(cost=14498.3)(Nested Loop(cost=14493.4)(Merge Join(cost=7288.1)(Index Scan(cost=85896.2); Sort(cost=925.5)(Bitmap Heap Scan(cost=412.5)(Bitmap Index Scan(cost=142.3)))); Index Scan(cost=6.6)); Hash(cost=1.2)(Seq Scan(cost=1.2))))"",
    ""Sort(cost=134603.1)(Aggregate(cost=130885.1)(Gather(cost=126006.2)(Aggregate(cost=83187.4)(Hash Join(cost=79408.6)(Seq Scan(cost=27206.5); Hash(cost=45515.2)(Seq Scan(cost=45515.2)))))))"",
    ""Sort(cost=149815.5)(Aggregate(cost=146097.5)(Gather(cost=141218.6)(Aggregate(cost=98399.8)(Hash Join(cost=92870.8)(Seq Scan(cost=39047.3); Hash(cost=45515.2)(Seq Scan(cost=45515.2)))))))"",
    ""Sort(cost=25.8)(Aggregate(cost=25.8)(Sort(cost=25.8)(Nested Loop(cost=25.8)(Index Scan(cost=17.3); Index Scan(cost=8.4)))))""
  ]",8,0.39489661,0.355406949
job_0,"{'shared_buffers': 129681.0, 'work_mem': 90490.0, 'maintenance_work_mem': 1439261.0, 'effective_cache_size': 774108.0, 'max_connections': 450.0, 'wal_buffers': 8130.0, 'checkpoint_completion_target': 0.6447191434353889, 'checkpoint_timeout': 724.0, 'effective_io_concurrency': 141.0, 'join_collapse_limit': 13.0, 'from_collapse_limit': 15.0, 'bgwriter_delay': 371.0, 'bgwriter_lru_multiplier': 2.4134652861082007, 'default_statistics_target': 206.0, 'max_parallel_workers_per_gather': 3.0}","{'xact_commit': 38.0, 'xact_rollback': 0.0, 'blks_read': 929629.0, 'blks_hit': 41813.0, 'tup_returned': 113866630.0, 'tup_fetched': 200239.0, 'tup_inserted': 0.0, 'conflicts': 0.0, 'tup_updated': 0.0, 'tup_deleted': 0.0, 'disk_read_count': 951242.0, 'disk_write_count': 0.0, 'disk_read_bytes': 7792574464.0, 'disk_write_bytes': 0.0}","{
  ""size"": 10,
  ""read_ratio"": 0.9,
  ""group_by_ratio"": 0.9,
  ""order_by_ratio"": 0.9,
  ""avg_query_length"": 502.0,
  ""avg_joins"": 2.1,
  ""filter_ratio"": 0.8
}","[
    ""Sort(cost=493864.3)(Aggregate(cost=490146.2)(Gather(cost=482131.0)(Aggregate(cost=397493.4)(Hash Join(cost=378982.9)(Seq Scan(cost=313133.2); Hash(cost=45515.2)(Seq Scan(cost=45515.2)))))))"",
    ""Sort(cost=104997.7)(Aggregate(cost=101431.3)(Gather(cost=96735.4)(Aggregate(cost=55484.4)(Hash Join(cost=46846.0)(Seq Scan(cost=39047.3); Hash(cost=2290.7)(Seq Scan(cost=2290.7)))))))"",
    ""Sort(cost=2272521.0)(Aggregate(cost=2217635.8)(Gather Merge(cost=2121004.7)(Aggregate(cost=894518.6)(Sort(cost=860803.2)(Hash Join(cost=416220.2)(Seq Scan(cost=328235.0); Hash(cost=66083.3)(Seq Scan(cost=66083.3))))))))"",
    ""Sort(cost=35851.1)(Aggregate(cost=35797.7)(Gather Merge(cost=35725.1)(Aggregate(cost=34431.2)(Sort(cost=34405.7)(Nested Loop(cost=34336.9)(Bitmap Heap Scan(cost=18484.6)(Bitmap Index Scan(cost=100.9)); Index Scan(cost=7.0)))))))"",
    ""Gather(cost=15932.2)(Hash Join(cost=14498.3)(Nested Loop(cost=14493.4)(Merge Join(cost=7288.1)(Index Scan(cost=85896.2); Sort(cost=925.5)(Bitmap Heap Scan(cost=412.5)(Bitmap Index Scan(cost=142.3)))); Index Scan(cost=6.6)); Hash(cost=1.2)(Seq Scan(cost=1.2))))"",
    ""Sort(cost=134603.1)(Aggregate(cost=130885.1)(Gather(cost=126006.2)(Aggregate(cost=83187.4)(Hash Join(cost=79408.6)(Seq Scan(cost=27206.5); Hash(cost=45515.2)(Seq Scan(cost=45515.2)))))))"",
    ""Sort(cost=149815.5)(Aggregate(cost=146097.5)(Gather(cost=141218.6)(Aggregate(cost=98399.8)(Hash Join(cost=92870.8)(Seq Scan(cost=39047.3); Hash(cost=45515.2)(Seq Scan(cost=45515.2)))))))"",
    ""Sort(cost=25.8)(Aggregate(cost=25.8)(Sort(cost=25.8)(Nested Loop(cost=25.8)(Index Scan(cost=17.3); Index Scan(cost=8.4)))))""
  ]",8,0.395150645,0.355635581
job_0,"{'shared_buffers': 671399.0, 'work_mem': 211390.0, 'maintenance_work_mem': 1094264.0, 'effective_cache_size': 1166598.0, 'max_connections': 278.0, 'wal_buffers': 3844.0, 'checkpoint_completion_target': 0.8353601029136627, 'checkpoint_timeout': 745.0, 'effective_io_concurrency': 9.0, 'join_collapse_limit': 13.0, 'from_collapse_limit': 16.0, 'bgwriter_delay': 756.0, 'bgwriter_lru_multiplier': 6.541654476100038, 'default_statistics_target': 320.0, 'max_parallel_workers_per_gather': 4.0}","{'xact_commit': 38.0, 'xact_rollback': 0.0, 'blks_read': 929629.0, 'blks_hit': 41813.0, 'tup_returned': 113866630.0, 'tup_fetched': 200239.0, 'tup_inserted': 0.0, 'conflicts': 0.0, 'tup_updated': 0.0, 'tup_deleted': 0.0, 'disk_read_count': 951242.0, 'disk_write_count': 0.0, 'disk_read_bytes': 7792574464.0, 'disk_write_bytes': 0.0}","{
  ""size"": 10,
  ""read_ratio"": 0.9,
  ""group_by_ratio"": 0.9,
  ""order_by_ratio"": 0.9,
  ""avg_query_length"": 502.0,
  ""avg_joins"": 2.1,
  ""filter_ratio"": 0.8
}","[
    ""Sort(cost=493864.3)(Aggregate(cost=490146.2)(Gather(cost=482131.0)(Aggregate(cost=397493.4)(Hash Join(cost=378982.9)(Seq Scan(cost=313133.2); Hash(cost=45515.2)(Seq Scan(cost=45515.2)))))))"",
    ""Sort(cost=104997.7)(Aggregate(cost=101431.3)(Gather(cost=96735.4)(Aggregate(cost=55484.4)(Hash Join(cost=46846.0)(Seq Scan(cost=39047.3); Hash(cost=2290.7)(Seq Scan(cost=2290.7)))))))"",
    ""Sort(cost=2272521.0)(Aggregate(cost=2217635.8)(Gather Merge(cost=2121004.7)(Aggregate(cost=894518.6)(Sort(cost=860803.2)(Hash Join(cost=416220.2)(Seq Scan(cost=328235.0); Hash(cost=66083.3)(Seq Scan(cost=66083.3))))))))"",
    ""Sort(cost=35851.1)(Aggregate(cost=35797.7)(Gather Merge(cost=35725.1)(Aggregate(cost=34431.2)(Sort(cost=34405.7)(Nested Loop(cost=34336.9)(Bitmap Heap Scan(cost=18484.6)(Bitmap Index Scan(cost=100.9)); Index Scan(cost=7.0)))))))"",
    ""Gather(cost=15932.2)(Hash Join(cost=14498.3)(Nested Loop(cost=14493.4)(Merge Join(cost=7288.1)(Index Scan(cost=85896.2); Sort(cost=925.5)(Bitmap Heap Scan(cost=412.5)(Bitmap Index Scan(cost=142.3)))); Index Scan(cost=6.6)); Hash(cost=1.2)(Seq Scan(cost=1.2))))"",
    ""Sort(cost=134603.1)(Aggregate(cost=130885.1)(Gather(cost=126006.2)(Aggregate(cost=83187.4)(Hash Join(cost=79408.6)(Seq Scan(cost=27206.5); Hash(cost=45515.2)(Seq Scan(cost=45515.2)))))))"",
    ""Sort(cost=149815.5)(Aggregate(cost=146097.5)(Gather(cost=141218.6)(Aggregate(cost=98399.8)(Hash Join(cost=92870.8)(Seq Scan(cost=39047.3); Hash(cost=45515.2)(Seq Scan(cost=45515.2)))))))"",
    ""Sort(cost=25.8)(Aggregate(cost=25.8)(Sort(cost=25.8)(Nested Loop(cost=25.8)(Index Scan(cost=17.3); Index Scan(cost=8.4)))))""
  ]",8,0.361546798,0.325392118
job_0,"{'shared_buffers': 592836.0, 'work_mem': 23317.0, 'maintenance_work_mem': 477502.0, 'effective_cache_size': 1842754.0, 'max_connections': 355.0, 'wal_buffers': 1205.0, 'checkpoint_completion_target': 0.6370201619334653, 'checkpoint_timeout': 583.0, 'effective_io_concurrency': 46.0, 'join_collapse_limit': 11.0, 'from_collapse_limit': 13.0, 'bgwriter_delay': 523.0, 'bgwriter_lru_multiplier': 4.125939897905673, 'default_statistics_target': 465.0, 'max_parallel_workers_per_gather': 4.0}","{'xact_commit': 38.0, 'xact_rollback': 0.0, 'blks_read': 929629.0, 'blks_hit': 41813.0, 'tup_returned': 113866630.0, 'tup_fetched': 200239.0, 'tup_inserted': 0.0, 'conflicts': 0.0, 'tup_updated': 0.0, 'tup_deleted': 0.0, 'disk_read_count': 951242.0, 'disk_write_count': 0.0, 'disk_read_bytes': 7792574464.0, 'disk_write_bytes': 0.0}","{
  ""size"": 10,
  ""read_ratio"": 0.9,
  ""group_by_ratio"": 0.9,
  ""order_by_ratio"": 0.9,
  ""avg_query_length"": 502.0,
  ""avg_joins"": 2.1,
  ""filter_ratio"": 0.8
}","[
    ""Sort(cost=493864.3)(Aggregate(cost=490146.2)(Gather(cost=482131.0)(Aggregate(cost=397493.4)(Hash Join(cost=378982.9)(Seq Scan(cost=313133.2); Hash(cost=45515.2)(Seq Scan(cost=45515.2)))))))"",
    ""Sort(cost=134603.1)(Aggregate(cost=130885.1)(Gather(cost=126006.2)(Aggregate(cost=83187.4)(Hash Join(cost=79408.6)(Seq Scan(cost=27206.5); Hash(cost=45515.2)(Seq Scan(cost=45515.2)))))))"",
    ""Sort(cost=149815.5)(Aggregate(cost=146097.5)(Gather(cost=141218.6)(Aggregate(cost=98399.8)(Hash Join(cost=92870.8)(Seq Scan(cost=39047.3); Hash(cost=45515.2)(Seq Scan(cost=45515.2)))))))"",
    ""Sort(cost=25.8)(Aggregate(cost=25.8)(Sort(cost=25.8)(Nested Loop(cost=25.8)(Index Scan(cost=17.3); Index Scan(cost=8.4)))))""
  ]",4,0.221590137,0.199431123
